instance,repetition,seed,optimum,budget_seconds,initial_cost,variant,label,incremental_enabled,service_replace_enabled,lambda_local_enabled,regret_enabled,cost,gap_pct,time_ms,feasible,candidates,rounds,moves,swaps,rejected_capacity,rejected_sla,rejected_smax,lambda,service_replacements,oscillation_calls,successful_oscillations,time_to_best_ms
1,1,20271016,100,0.550000,1103.000000,i1_s1_l0_r1,I=1 S=1 L=0 R=1,1,1,0,1,100.000000,0.000000,69.000000,1,5539400,30,313,46,1159,0,5038,3.309000,48,0,0,69.000000
5,1,20275052,100,0.550000,1045.000000,i1_s1_l0_r1,I=1 S=1 L=0 R=1,1,1,0,1,100.000000,0.000000,182.000000,1,34438250,540,1294,510,47278,0,58277,3.135000,470,0,0,182.000000
7,1,20277070,100,0.550000,1051.000000,i1_s1_l0_r1,I=1 S=1 L=0 R=1,1,1,0,1,100.000000,0.000000,83.000000,1,9844150,120,479,70,1554,0,7523,3.153000,65,0,0,83.000000
8,1,20278079,101,0.550000,1104.000000,i1_s1_l0_r1,I=1 S=1 L=0 R=1,1,1,0,1,101.000000,0.000000,71.000000,1,5815850,30,331,38,1141,0,2030,3.312000,45,0,0,71.000000
11,1,20281106,100,0.550000,1131.000000,i1_s1_l0_r1,I=1 S=1 L=0 R=1,1,1,0,1,102.000000,2.000000,550.000000,1,115765176,1994,4636,1641,262684,0,227639,3.393000,1998,0,0,410.000000
13,1,20283124,101,0.550000,1042.000000,i1_s1_l0_r1,I=1 S=1 L=0 R=1,1,1,0,1,101.000000,0.000000,80.000000,1,7811300,60,435,44,1398,0,4914,3.126000,63,0,0,80.000000
14,1,20284133,101,0.550000,993.000000,i1_s1_l0_r1,I=1 S=1 L=0 R=1,1,1,0,1,101.000000,0.000000,67.000000,1,6450200,60,323,55,1567,0,6692,2.979000,49,0,0,67.000000
15,1,20285142,100,0.550000,988.000000,i1_s1_l0_r1,I=1 S=1 L=0 R=1,1,1,0,1,100.000000,0.000000,88.000000,1,11171450,120,476,118,6658,0,7979,2.964000,109,0,0,88.000000
17,1,20287160,100,0.550000,1102.000000,i1_s1_l0_r1,I=1 S=1 L=0 R=1,1,1,0,1,100.000000,0.000000,72.000000,1,6457900,30,342,74,4126,0,6405,3.306000,78,0,0,72.000000
19,1,20289178,102,0.550000,1029.000000,i1_s1_l0_r1,I=1 S=1 L=0 R=1,1,1,0,1,102.000000,0.000000,134.000000,1,18598000,270,782,171,6475,0,23609,3.087000,147,0,0,134.000000
21,1,20291196,101,0.550000,1134.000000,i1_s1_l0_r1,I=1 S=1 L=0 R=1,1,1,0,1,101.000000,0.000000,64.000000,1,5353700,30,286,52,932,0,3104,3.402000,34,0,0,64.000000
22,1,20292205,101,0.550000,1069.000000,i1_s1_l0_r1,I=1 S=1 L=0 R=1,1,1,0,1,101.000000,0.000000,78.000000,1,9440500,120,432,59,963,0,5097,3.207000,53,0,0,78.000000
23,1,20293214,100,0.550000,1070.000000,i1_s1_l0_r1,I=1 S=1 L=0 R=1,1,1,0,1,100.000000,0.000000,85.000000,1,9374300,90,477,84,2972,0,10872,3.210000,87,0,0,85.000000
24,1,20294223,102,0.550000,1062.000000,i1_s1_l0_r1,I=1 S=1 L=0 R=1,1,1,0,1,102.000000,0.000000,135.000000,1,20908550,300,794,233,17205,0,20113,3.186000,225,0,0,135.000000
25,1,20295232,103,0.550000,1062.000000,i1_s1_l0_r1,I=1 S=1 L=0 R=1,1,1,0,1,103.000000,0.000000,64.000000,1,5288350,30,308,48,812,0,3024,3.186000,41,0,0,64.000000
28,1,20298259,102,0.550000,1085.000000,i1_s1_l0_r1,I=1 S=1 L=0 R=1,1,1,0,1,106.000000,3.921569,550.000000,1,100485946,1620,4771,1429,270587,0,329437,3.255000,1831,0,0,398.000000
29,1,20299268,101,0.550000,926.000000,i1_s1_l0_r1,I=1 S=1 L=0 R=1,1,1,0,1,101.000000,0.000000,87.000000,1,8680300,90,429,54,1046,0,9319,2.778000,59,0,0,87.000000
30,1,20300277,102,0.550000,1103.000000,i1_s1_l0_r1,I=1 S=1 L=0 R=1,1,1,0,1,102.000000,0.000000,70.000000,1,6200200,30,336,49,747,0,2058,3.309000,39,0,0,70.000000
31,1,20301286,100,0.550000,1060.000000,i1_s1_l0_r1,I=1 S=1 L=0 R=1,1,1,0,1,100.000000,0.000000,113.000000,1,5104600,30,276,50,440,0,556,3.180000,33,0,0,113.000000
33,1,20303304,100,0.550000,1097.000000,i1_s1_l0_r1,I=1 S=1 L=0 R=1,1,1,0,1,100.000000,0.000000,96.000000,1,8784400,90,408,79,2253,0,8803,3.291000,60,0,0,96.000000
35,1,20305322,101,0.550000,1031.000000,i1_s1_l0_r1,I=1 S=1 L=0 R=1,1,1,0,1,101.000000,0.000000,83.000000,1,14508600,240,664,65,2015,0,14958,3.093000,106,0,0,83.000000
40,1,20310367,101,0.550000,1081.000000,i1_s1_l0_r1,I=1 S=1 L=0 R=1,1,1,0,1,101.000000,0.000000,142.000000,1,21139600,270,833,366,24687,0,43910,3.243000,246,0,0,142.000000
41,1,20311376,101,0.550000,1113.000000,i1_s1_l0_r1,I=1 S=1 L=0 R=1,1,1,0,1,101.000000,0.000000,68.000000,1,5629550,30,294,44,569,0,1062,3.339000,38,0,0,68.000000
42,1,20312385,100,0.550000,1032.000000,i1_s1_l0_r1,I=1 S=1 L=0 R=1,1,1,0,1,100.000000,0.000000,97.000000,1,9957950,90,483,108,5913,0,15235,3.096000,95,0,0,97.000000
43,1,20313394,100,0.550000,1013.000000,i1_s1_l0_r1,I=1 S=1 L=0 R=1,1,1,0,1,100.000000,0.000000,103.000000,1,12017650,120,563,129,5465,0,19062,3.039000,93,0,0,103.000000
44,1,20314403,101,0.550000,1023.000000,i1_s1_l0_r1,I=1 S=1 L=0 R=1,1,1,0,1,101.000000,0.000000,105.000000,1,14599200,240,704,59,684,0,14000,3.069000,123,0,0,105.000000
45,1,20315412,100,0.550000,1109.000000,i1_s1_l0_r1,I=1 S=1 L=0 R=1,1,1,0,1,100.000000,0.000000,70.000000,1,5493900,30,314,36,1081,0,2039,3.327000,46,0,0,70.000000
47,1,20317430,100,0.550000,1035.000000,i1_s1_l0_r1,I=1 S=1 L=0 R=1,1,1,0,1,100.000000,0.000000,66.000000,1,5056500,30,270,50,1216,0,4373,3.105000,34,0,0,66.000000
48,1,20318439,101,0.550000,1074.000000,i1_s1_l0_r1,I=1 S=1 L=0 R=1,1,1,0,1,101.000000,0.000000,98.000000,1,7215700,30,381,69,557,0,1301,3.222000,35,0,0,98.000000
50,1,20320457,100,0.550000,1003.000000,i1_s1_l0_r1,I=1 S=1 L=0 R=1,1,1,0,1,100.000000,0.000000,78.000000,1,8294750,90,396,66,1152,0,6550,3.009000,56,0,0,78.000000
51,1,20321466,100,0.550000,1002.000000,i1_s1_l0_r1,I=1 S=1 L=0 R=1,1,1,0,1,100.000000,0.000000,67.000000,1,5567350,30,293,46,916,0,1171,3.006000,34,0,0,67.000000
52,1,20322475,101,0.550000,985.000000,i1_s1_l0_r1,I=1 S=1 L=0 R=1,1,1,0,1,101.000000,0.000000,64.000000,1,5171550,30,246,56,1036,0,1571,2.955000,30,0,0,64.000000
54,1,20324493,100,0.550000,1041.000000,i1_s1_l0_r1,I=1 S=1 L=0 R=1,1,1,0,1,100.000000,0.000000,68.000000,1,5557900,30,290,51,619,0,2055,3.123000,25,0,0,68.000000
56,1,20326511,101,0.550000,1000.000000,i1_s1_l0_r1,I=1 S=1 L=0 R=1,1,1,0,1,101.000000,0.000000,81.000000,1,8629800,60,386,86,5807,0,6342,3.000000,77,0,0,81.000000
57,1,20327520,100,0.550000,1048.000000,i1_s1_l0_r1,I=1 S=1 L=0 R=1,1,1,0,1,100.000000,0.000000,68.000000,1,5567050,30,299,38,599,0,951,3.144000,32,0,0,68.000000
58,1,20328529,100,0.550000,987.000000,i1_s1_l0_r1,I=1 S=1 L=0 R=1,1,1,0,1,100.000000,0.000000,71.000000,1,6975550,60,354,43,521,0,3410,2.961000,36,0,0,71.000000
60,1,20330547,100,0.550000,1064.000000,i1_s1_l0_r1,I=1 S=1 L=0 R=1,1,1,0,1,100.000000,0.000000,79.000000,1,6720100,30,340,62,2345,0,4308,3.192000,49,0,0,79.000000
61,1,20331556,101,0.550000,1095.000000,i1_s1_l0_r1,I=1 S=1 L=0 R=1,1,1,0,1,101.000000,0.000000,114.000000,1,14504650,150,614,164,11670,0,16911,3.285000,151,0,0,114.000000
63,1,20333574,100,0.550000,989.000000,i1_s1_l0_r1,I=1 S=1 L=0 R=1,1,1,0,1,100.000000,0.000000,68.000000,1,6497050,60,345,40,519,0,4807,2.967000,41,0,0,68.000000
64,1,20334583,100,0.550000,1018.000000,i1_s1_l0_r1,I=1 S=1 L=0 R=1,1,1,0,1,100.000000,0.000000,64.000000,1,5192000,30,282,46,741,0,1391,3.054000,41,0,0,64.000000
65,1,20335592,100,0.550000,1073.000000,i1_s1_l0_r1,I=1 S=1 L=0 R=1,1,1,0,1,100.000000,0.000000,121.000000,1,16739400,240,788,107,2506,0,24562,3.219000,129,0,0,121.000000
67,1,20337610,100,0.550000,1110.000000,i1_s1_l0_r1,I=1 S=1 L=0 R=1,1,1,0,1,100.000000,0.000000,70.000000,1,5955550,30,308,50,2740,0,2956,3.330000,56,0,0,70.000000
73,1,20343664,102,0.550000,958.000000,i1_s1_l0_r1,I=1 S=1 L=0 R=1,1,1,0,1,102.000000,0.000000,73.000000,1,7105000,60,348,80,4383,0,10014,2.874000,66,0,0,73.000000
74,1,20344673,100,0.550000,1047.000000,i1_s1_l0_r1,I=1 S=1 L=0 R=1,1,1,0,1,100.000000,0.000000,67.000000,1,5207500,30,283,42,708,0,1649,3.141000,34,0,0,67.000000
75,1,20345682,100,0.550000,1008.000000,i1_s1_l0_r1,I=1 S=1 L=0 R=1,1,1,0,1,100.000000,0.000000,91.000000,1,6717950,30,361,72,661,0,1465,3.024000,47,0,0,91.000000
76,1,20346691,100,0.550000,996.000000,i1_s1_l0_r1,I=1 S=1 L=0 R=1,1,1,0,1,100.000000,0.000000,165.000000,1,11376450,150,540,47,545,0,11310,2.988000,56,0,0,165.000000
77,1,20347700,103,0.550000,1004.000000,i1_s1_l0_r1,I=1 S=1 L=0 R=1,1,1,0,1,103.000000,0.000000,75.000000,1,7494150,60,358,88,5036,0,8074,3.012000,68,0,0,75.000000
81,1,20351736,101,0.550000,1013.000000,i1_s1_l0_r1,I=1 S=1 L=0 R=1,1,1,0,1,101.000000,0.000000,95.000000,1,15361350,180,635,201,13790,0,23070,3.039000,157,0,0,95.000000
82,1,20352745,100,0.550000,973.000000,i1_s1_l0_r1,I=1 S=1 L=0 R=1,1,1,0,1,100.000000,0.000000,61.000000,1,5117050,30,273,39,264,0,572,2.919000,22,0,0,61.000000
84,1,20354763,100,0.550000,1073.000000,i1_s1_l0_r1,I=1 S=1 L=0 R=1,1,1,0,1,100.000000,0.000000,97.000000,1,7497200,30,374,81,500,0,1652,3.219000,39,0,0,97.000000
85,1,20355772,101,0.550000,1070.000000,i1_s1_l0_r1,I=1 S=1 L=0 R=1,1,1,0,1,101.000000,0.000000,64.000000,1,5339150,30,313,44,376,0,1585,3.210000,40,0,0,64.000000
86,1,20356781,102,0.550000,1005.000000,i1_s1_l0_r1,I=1 S=1 L=0 R=1,1,1,0,1,102.000000,0.000000,68.000000,1,5477300,30,304,38,943,1,1412,3.015000,38,0,0,68.000000
87,1,20357790,101,0.550000,951.000000,i1_s1_l0_r1,I=1 S=1 L=0 R=1,1,1,0,1,101.000000,0.000000,63.000000,1,5260400,30,309,40,641,0,4543,2.853000,41,0,0,63.000000
88,1,20358799,101,0.550000,1110.000000,i1_s1_l0_r1,I=1 S=1 L=0 R=1,1,1,0,1,101.000000,0.000000,68.000000,1,5698550,30,322,46,542,0,5718,3.330000,37,0,0,68.000000
89,1,20359808,101,0.550000,1088.000000,i1_s1_l0_r1,I=1 S=1 L=0 R=1,1,1,0,1,101.000000,0.000000,75.000000,1,7097500,60,363,54,1348,0,3998,3.264000,49,0,0,75.000000
90,1,20360817,100,0.550000,1052.000000,i1_s1_l0_r1,I=1 S=1 L=0 R=1,1,1,0,1,100.000000,0.000000,93.000000,1,10732050,120,534,67,1106,0,11500,3.156000,64,0,0,93.000000
95,1,20365862,100,0.550000,1148.000000,i1_s1_l0_r1,I=1 S=1 L=0 R=1,1,1,0,1,100.000000,0.000000,72.000000,1,6158250,30,321,49,2411,0,3331,3.444000,55,0,0,72.000000
98,1,20368889,101,0.550000,1021.000000,i1_s1_l0_r1,I=1 S=1 L=0 R=1,1,1,0,1,101.000000,0.000000,70.000000,1,10719550,150,481,104,4204,0,13140,3.063000,101,0,0,70.000000
99,1,20369898,100,0.550000,1045.000000,i1_s1_l0_r1,I=1 S=1 L=0 R=1,1,1,0,1,100.000000,0.000000,79.000000,1,7602200,60,399,56,1338,0,5025,3.135000,59,0,0,79.000000
100,1,20370907,101,0.550000,972.000000,i1_s1_l0_r1,I=1 S=1 L=0 R=1,1,1,0,1,113.000000,11.881188,550.000000,1,79488104,1110,3921,1272,368238,0,391202,2.916000,1497,0,0,531.000000
101,1,20371916,100,0.550000,1040.000000,i1_s1_l0_r1,I=1 S=1 L=0 R=1,1,1,0,1,100.000000,0.000000,241.000000,1,42580650,660,1776,617,67688,0,93552,3.120000,628,0,0,241.000000
102,1,20372925,100,0.550000,1012.000000,i1_s1_l0_r1,I=1 S=1 L=0 R=1,1,1,0,1,100.000000,0.000000,164.000000,1,13211400,150,566,145,9426,0,12916,3.036000,139,0,0,164.000000
108,1,20378979,100,0.550000,1000.000000,i1_s1_l0_r1,I=1 S=1 L=0 R=1,1,1,0,1,100.000000,0.000000,102.000000,1,6679200,90,320,44,1344,0,5096,3.000000,49,0,0,102.000000
109,1,20379988,101,0.550000,1118.000000,i1_s1_l0_r1,I=1 S=1 L=0 R=1,1,1,0,1,101.000000,0.000000,85.000000,1,5836600,30,322,46,409,0,2271,3.354000,33,0,0,85.000000
110,1,20380997,100,0.550000,1036.000000,i1_s1_l0_r1,I=1 S=1 L=0 R=1,1,1,0,1,100.000000,0.000000,67.000000,1,5536450,30,300,50,2039,0,2664,3.108000,55,0,0,67.000000
111,1,20382006,100,0.550000,1240.000000,i1_s1_l0_r1,I=1 S=1 L=0 R=1,1,1,0,1,100.000000,0.000000,77.000000,1,7430450,60,403,61,1984,0,5632,3.720000,69,0,0,77.000000
116,1,20387051,101,0.550000,1079.000000,i1_s1_l0_r1,I=1 S=1 L=0 R=1,1,1,0,1,101.000000,0.000000,73.000000,1,6196000,30,361,39,432,0,2225,3.237000,40,0,0,73.000000
119,1,20390078,100,0.550000,1054.000000,i1_s1_l0_r1,I=1 S=1 L=0 R=1,1,1,0,1,100.000000,0.000000,130.000000,1,20363800,330,906,128,1942,0,28998,3.162000,138,0,0,130.000000
120,1,20391087,101,0.550000,1052.000000,i1_s1_l0_r1,I=1 S=1 L=0 R=1,1,1,0,1,101.000000,0.000000,63.000000,1,5100400,30,247,50,910,0,855,3.156000,32,0,0,63.000000
121,1,20392096,100,0.550000,1145.000000,i1_s1_l0_r1,I=1 S=1 L=0 R=1,1,1,0,1,100.000000,0.000000,123.000000,1,18054550,240,787,173,11024,0,21696,3.435000,191,0,0,123.000000
122,1,20393105,100,0.550000,1075.000000,i1_s1_l0_r1,I=1 S=1 L=0 R=1,1,1,0,1,100.000000,0.000000,114.000000,1,13037100,180,630,78,1229,0,12235,3.225000,89,0,0,114.000000
123,1,20394114,100,0.550000,1001.000000,i1_s1_l0_r1,I=1 S=1 L=0 R=1,1,1,0,1,100.000000,0.000000,64.000000,1,5183400,30,271,47,623,0,1288,3.003000,27,0,0,64.000000
124,1,20395123,102,0.550000,1046.000000,i1_s1_l0_r1,I=1 S=1 L=0 R=1,1,1,0,1,102.000000,0.000000,207.000000,1,33783500,480,1405,414,13978,0,65400,3.138000,253,0,0,207.000000
125,1,20396132,100,0.550000,1079.000000,i1_s1_l0_r1,I=1 S=1 L=0 R=1,1,1,0,1,100.000000,0.000000,97.000000,1,12550600,180,607,89,1265,0,13649,3.237000,87,0,0,97.000000
127,1,20398150,100,0.550000,1039.000000,i1_s1_l0_r1,I=1 S=1 L=0 R=1,1,1,0,1,100.000000,0.000000,73.000000,1,7597300,60,388,97,5925,0,11058,3.117000,95,0,0,73.000000
128,1,20399159,101,0.550000,1035.000000,i1_s1_l0_r1,I=1 S=1 L=0 R=1,1,1,0,1,102.000000,0.990099,550.000000,1,118155236,2154,4942,1801,202014,0,284441,3.105000,1675,0,0,443.000000
129,1,20400168,100,0.550000,1041.000000,i1_s1_l0_r1,I=1 S=1 L=0 R=1,1,1,0,1,100.000000,0.000000,550.000000,1,111495926,1919,4581,1663,212562,0,246804,3.123000,1709,0,0,550.000000
130,1,20401177,101,0.550000,1097.000000,i1_s1_l0_r1,I=1 S=1 L=0 R=1,1,1,0,1,101.000000,0.000000,68.000000,1,5719300,30,338,36,559,0,1482,3.291000,38,0,0,68.000000
131,1,20402186,100,0.550000,1044.000000,i1_s1_l0_r1,I=1 S=1 L=0 R=1,1,1,0,1,100.000000,0.000000,64.000000,1,5331750,30,289,48,444,0,892,3.132000,32,0,0,64.000000
132,1,20403195,103,0.550000,1069.000000,i1_s1_l0_r1,I=1 S=1 L=0 R=1,1,1,0,1,103.000000,0.000000,69.000000,1,5712000,30,332,48,1900,0,5158,3.207000,60,0,0,69.000000
134,1,20405213,101,0.550000,1036.000000,i1_s1_l0_r1,I=1 S=1 L=0 R=1,1,1,0,1,101.000000,0.000000,96.000000,1,7910850,60,378,80,3467,0,9616,3.108000,67,0,0,96.000000
135,1,20406222,100,0.550000,1049.000000,i1_s1_l0_r1,I=1 S=1 L=0 R=1,1,1,0,1,100.000000,0.000000,71.000000,1,6273200,30,329,52,2627,0,3676,3.147000,58,0,0,71.000000
137,1,20408240,101,0.550000,1132.000000,i1_s1_l0_r1,I=1 S=1 L=0 R=1,1,1,0,1,101.000000,0.000000,151.000000,1,8717700,90,441,70,1919,0,9195,3.396000,64,0,0,151.000000
138,1,20409249,100,0.550000,1032.000000,i1_s1_l0_r1,I=1 S=1 L=0 R=1,1,1,0,1,100.000000,0.000000,64.000000,1,5170150,30,290,48,752,0,1628,3.096000,35,0,0,64.000000
141,1,20412276,101,0.550000,1001.000000,i1_s1_l0_r1,I=1 S=1 L=0 R=1,1,1,0,1,101.000000,0.000000,70.000000,1,5516550,30,293,42,475,0,1877,3.003000,33,0,0,70.000000
142,1,20413285,100,0.550000,1124.000000,i1_s1_l0_r1,I=1 S=1 L=0 R=1,1,1,0,1,100.000000,0.000000,110.000000,1,11540800,150,566,40,544,0,7850,3.372000,83,0,0,110.000000
143,1,20414294,100,0.550000,1090.000000,i1_s1_l0_r1,I=1 S=1 L=0 R=1,1,1,0,1,100.000000,0.000000,98.000000,1,11860750,150,602,58,1068,0,12929,3.270000,80,0,0,98.000000
144,1,20415303,101,0.550000,1020.000000,i1_s1_l0_r1,I=1 S=1 L=0 R=1,1,1,0,1,101.000000,0.000000,64.000000,1,5316300,30,271,52,816,0,1215,3.060000,26,0,0,64.000000
145,1,20416312,101,0.550000,1132.000000,i1_s1_l0_r1,I=1 S=1 L=0 R=1,1,1,0,1,101.000000,0.000000,72.000000,1,5827750,30,304,47,809,0,1952,3.396000,35,0,0,72.000000
146,1,20417321,100,0.550000,981.000000,i1_s1_l0_r1,I=1 S=1 L=0 R=1,1,1,0,1,100.000000,0.000000,116.000000,1,15471100,180,616,227,19160,0,24325,2.943000,196,0,0,116.000000
147,1,20418330,100,0.550000,1083.000000,i1_s1_l0_r1,I=1 S=1 L=0 R=1,1,1,0,1,102.000000,2.000000,550.000000,1,114571936,2040,4817,1943,210803,0,303688,3.249000,1607,0,0,465.000000
148,1,20419339,101,0.550000,1077.000000,i1_s1_l0_r1,I=1 S=1 L=0 R=1,1,1,0,1,101.000000,0.000000,68.000000,1,6567200,60,336,40,396,0,1383,3.231000,41,0,0,68.000000
149,1,20420348,100,0.550000,985.000000,i1_s1_l0_r1,I=1 S=1 L=0 R=1,1,1,0,1,100.000000,0.000000,96.000000,1,7636900,30,398,64,694,0,2030,2.955000,42,0,0,96.000000
150,1,20421357,100,0.550000,1009.000000,i1_s1_l0_r1,I=1 S=1 L=0 R=1,1,1,0,1,100.000000,0.000000,110.000000,1,13596650,180,632,92,2216,0,20357,3.027000,74,0,0,110.000000
1,1,20271016,100,10.000000,1103.000000,i1_s1_l0_r1,I=1 S=1 L=0 R=1,1,1,0,1,100.000000,0.000000,70.000000,1,5539400,30,313,46,1159,0,5038,3.309000,48,0,0,70.000000
5,1,20275052,100,10.000000,1045.000000,i1_s1_l0_r1,I=1 S=1 L=0 R=1,1,1,0,1,100.000000,0.000000,237.000000,1,34438250,540,1294,510,47278,0,58277,3.135000,470,0,0,237.000000
7,1,20277070,100,10.000000,1051.000000,i1_s1_l0_r1,I=1 S=1 L=0 R=1,1,1,0,1,100.000000,0.000000,84.000000,1,9844150,120,479,70,1554,0,7523,3.153000,65,0,0,84.000000
8,1,20278079,101,10.000000,1104.000000,i1_s1_l0_r1,I=1 S=1 L=0 R=1,1,1,0,1,101.000000,0.000000,75.000000,1,5815850,30,331,38,1141,0,2030,3.312000,45,0,0,75.000000
11,1,20281106,100,10.000000,1131.000000,i1_s1_l0_r1,I=1 S=1 L=0 R=1,1,1,0,1,100.000000,0.000000,1001.000000,1,221278750,3960,8617,3155,540321,0,428568,3.393000,3739,0,0,1001.000000
13,1,20283124,101,10.000000,1042.000000,i1_s1_l0_r1,I=1 S=1 L=0 R=1,1,1,0,1,101.000000,0.000000,81.000000,1,7811300,60,435,44,1398,0,4914,3.126000,63,0,0,81.000000
14,1,20284133,101,10.000000,993.000000,i1_s1_l0_r1,I=1 S=1 L=0 R=1,1,1,0,1,101.000000,0.000000,67.000000,1,6450200,60,323,55,1567,0,6692,2.979000,49,0,0,67.000000
15,1,20285142,100,10.000000,988.000000,i1_s1_l0_r1,I=1 S=1 L=0 R=1,1,1,0,1,100.000000,0.000000,178.000000,1,11171450,120,476,118,6658,0,7979,2.964000,109,0,0,178.000000
17,1,20287160,100,10.000000,1102.000000,i1_s1_l0_r1,I=1 S=1 L=0 R=1,1,1,0,1,100.000000,0.000000,72.000000,1,6457900,30,342,74,4126,0,6405,3.306000,78,0,0,72.000000
19,1,20289178,102,10.000000,1029.000000,i1_s1_l0_r1,I=1 S=1 L=0 R=1,1,1,0,1,102.000000,0.000000,131.000000,1,18598000,270,782,171,6475,0,23609,3.087000,147,0,0,131.000000
21,1,20291196,101,10.000000,1134.000000,i1_s1_l0_r1,I=1 S=1 L=0 R=1,1,1,0,1,101.000000,0.000000,64.000000,1,5353700,30,286,52,932,0,3104,3.402000,34,0,0,64.000000
22,1,20292205,101,10.000000,1069.000000,i1_s1_l0_r1,I=1 S=1 L=0 R=1,1,1,0,1,101.000000,0.000000,79.000000,1,9440500,120,432,59,963,0,5097,3.207000,53,0,0,79.000000
23,1,20293214,100,10.000000,1070.000000,i1_s1_l0_r1,I=1 S=1 L=0 R=1,1,1,0,1,100.000000,0.000000,86.000000,1,9374300,90,477,84,2972,0,10872,3.210000,87,0,0,86.000000
24,1,20294223,102,10.000000,1062.000000,i1_s1_l0_r1,I=1 S=1 L=0 R=1,1,1,0,1,102.000000,0.000000,129.000000,1,20908550,300,794,233,17205,0,20113,3.186000,225,0,0,129.000000
25,1,20295232,103,10.000000,1062.000000,i1_s1_l0_r1,I=1 S=1 L=0 R=1,1,1,0,1,103.000000,0.000000,66.000000,1,5288350,30,308,48,812,0,3024,3.186000,41,0,0,66.000000
28,1,20298259,102,10.000000,1085.000000,i1_s1_l0_r1,I=1 S=1 L=0 R=1,1,1,0,1,102.000000,0.000000,2655.000000,1,555283300,10500,25790,7087,1507165,0,1589622,3.255000,9627,0,0,2655.000000
29,1,20299268,101,10.000000,926.000000,i1_s1_l0_r1,I=1 S=1 L=0 R=1,1,1,0,1,101.000000,0.000000,82.000000,1,8680300,90,429,54,1046,0,9319,2.778000,59,0,0,82.000000
30,1,20300277,102,10.000000,1103.000000,i1_s1_l0_r1,I=1 S=1 L=0 R=1,1,1,0,1,102.000000,0.000000,72.000000,1,6200200,30,336,49,747,0,2058,3.309000,39,0,0,72.000000
31,1,20301286,100,10.000000,1060.000000,i1_s1_l0_r1,I=1 S=1 L=0 R=1,1,1,0,1,100.000000,0.000000,61.000000,1,5104600,30,276,50,440,0,556,3.180000,33,0,0,61.000000
33,1,20303304,100,10.000000,1097.000000,i1_s1_l0_r1,I=1 S=1 L=0 R=1,1,1,0,1,100.000000,0.000000,81.000000,1,8784400,90,408,79,2253,0,8803,3.291000,60,0,0,81.000000
35,1,20305322,101,10.000000,1031.000000,i1_s1_l0_r1,I=1 S=1 L=0 R=1,1,1,0,1,101.000000,0.000000,83.000000,1,14508600,240,664,65,2015,0,14958,3.093000,106,0,0,83.000000
40,1,20310367,101,10.000000,1081.000000,i1_s1_l0_r1,I=1 S=1 L=0 R=1,1,1,0,1,101.000000,0.000000,144.000000,1,21139600,270,833,366,24687,0,43910,3.243000,246,0,0,144.000000
41,1,20311376,101,10.000000,1113.000000,i1_s1_l0_r1,I=1 S=1 L=0 R=1,1,1,0,1,101.000000,0.000000,69.000000,1,5629550,30,294,44,569,0,1062,3.339000,38,0,0,69.000000
42,1,20312385,100,10.000000,1032.000000,i1_s1_l0_r1,I=1 S=1 L=0 R=1,1,1,0,1,100.000000,0.000000,94.000000,1,9957950,90,483,108,5913,0,15235,3.096000,95,0,0,94.000000
43,1,20313394,100,10.000000,1013.000000,i1_s1_l0_r1,I=1 S=1 L=0 R=1,1,1,0,1,100.000000,0.000000,115.000000,1,12017650,120,563,129,5465,0,19062,3.039000,93,0,0,115.000000
44,1,20314403,101,10.000000,1023.000000,i1_s1_l0_r1,I=1 S=1 L=0 R=1,1,1,0,1,101.000000,0.000000,107.000000,1,14599200,240,704,59,684,0,14000,3.069000,123,0,0,107.000000
45,1,20315412,100,10.000000,1109.000000,i1_s1_l0_r1,I=1 S=1 L=0 R=1,1,1,0,1,100.000000,0.000000,69.000000,1,5493900,30,314,36,1081,0,2039,3.327000,46,0,0,69.000000
47,1,20317430,100,10.000000,1035.000000,i1_s1_l0_r1,I=1 S=1 L=0 R=1,1,1,0,1,100.000000,0.000000,65.000000,1,5056500,30,270,50,1216,0,4373,3.105000,34,0,0,65.000000
48,1,20318439,101,10.000000,1074.000000,i1_s1_l0_r1,I=1 S=1 L=0 R=1,1,1,0,1,101.000000,0.000000,120.000000,1,7215700,30,381,69,557,0,1301,3.222000,35,0,0,120.000000
50,1,20320457,100,10.000000,1003.000000,i1_s1_l0_r1,I=1 S=1 L=0 R=1,1,1,0,1,100.000000,0.000000,80.000000,1,8294750,90,396,66,1152,0,6550,3.009000,56,0,0,80.000000
51,1,20321466,100,10.000000,1002.000000,i1_s1_l0_r1,I=1 S=1 L=0 R=1,1,1,0,1,100.000000,0.000000,71.000000,1,5567350,30,293,46,916,0,1171,3.006000,34,0,0,71.000000
52,1,20322475,101,10.000000,985.000000,i1_s1_l0_r1,I=1 S=1 L=0 R=1,1,1,0,1,101.000000,0.000000,64.000000,1,5171550,30,246,56,1036,0,1571,2.955000,30,0,0,64.000000
54,1,20324493,100,10.000000,1041.000000,i1_s1_l0_r1,I=1 S=1 L=0 R=1,1,1,0,1,100.000000,0.000000,69.000000,1,5557900,30,290,51,619,0,2055,3.123000,25,0,0,69.000000
56,1,20326511,101,10.000000,1000.000000,i1_s1_l0_r1,I=1 S=1 L=0 R=1,1,1,0,1,101.000000,0.000000,81.000000,1,8629800,60,386,86,5807,0,6342,3.000000,77,0,0,81.000000
57,1,20327520,100,10.000000,1048.000000,i1_s1_l0_r1,I=1 S=1 L=0 R=1,1,1,0,1,100.000000,0.000000,72.000000,1,5567050,30,299,38,599,0,951,3.144000,32,0,0,72.000000
58,1,20328529,100,10.000000,987.000000,i1_s1_l0_r1,I=1 S=1 L=0 R=1,1,1,0,1,100.000000,0.000000,71.000000,1,6975550,60,354,43,521,0,3410,2.961000,36,0,0,71.000000
60,1,20330547,100,10.000000,1064.000000,i1_s1_l0_r1,I=1 S=1 L=0 R=1,1,1,0,1,100.000000,0.000000,78.000000,1,6720100,30,340,62,2345,0,4308,3.192000,49,0,0,78.000000
61,1,20331556,101,10.000000,1095.000000,i1_s1_l0_r1,I=1 S=1 L=0 R=1,1,1,0,1,101.000000,0.000000,113.000000,1,14504650,150,614,164,11670,0,16911,3.285000,151,0,0,113.000000
63,1,20333574,100,10.000000,989.000000,i1_s1_l0_r1,I=1 S=1 L=0 R=1,1,1,0,1,100.000000,0.000000,68.000000,1,6497050,60,345,40,519,0,4807,2.967000,41,0,0,68.000000
64,1,20334583,100,10.000000,1018.000000,i1_s1_l0_r1,I=1 S=1 L=0 R=1,1,1,0,1,100.000000,0.000000,65.000000,1,5192000,30,282,46,741,0,1391,3.054000,41,0,0,65.000000
65,1,20335592,100,10.000000,1073.000000,i1_s1_l0_r1,I=1 S=1 L=0 R=1,1,1,0,1,100.000000,0.000000,122.000000,1,16739400,240,788,107,2506,0,24562,3.219000,129,0,0,122.000000
67,1,20337610,100,10.000000,1110.000000,i1_s1_l0_r1,I=1 S=1 L=0 R=1,1,1,0,1,100.000000,0.000000,70.000000,1,5955550,30,308,50,2740,0,2956,3.330000,56,0,0,70.000000
73,1,20343664,102,10.000000,958.000000,i1_s1_l0_r1,I=1 S=1 L=0 R=1,1,1,0,1,102.000000,0.000000,76.000000,1,7105000,60,348,80,4383,0,10014,2.874000,66,0,0,76.000000
74,1,20344673,100,10.000000,1047.000000,i1_s1_l0_r1,I=1 S=1 L=0 R=1,1,1,0,1,100.000000,0.000000,65.000000,1,5207500,30,283,42,708,0,1649,3.141000,34,0,0,65.000000
75,1,20345682,100,10.000000,1008.000000,i1_s1_l0_r1,I=1 S=1 L=0 R=1,1,1,0,1,100.000000,0.000000,96.000000,1,6717950,30,361,72,661,0,1465,3.024000,47,0,0,96.000000
76,1,20346691,100,10.000000,996.000000,i1_s1_l0_r1,I=1 S=1 L=0 R=1,1,1,0,1,100.000000,0.000000,92.000000,1,11376450,150,540,47,545,0,11310,2.988000,56,0,0,92.000000
77,1,20347700,103,10.000000,1004.000000,i1_s1_l0_r1,I=1 S=1 L=0 R=1,1,1,0,1,103.000000,0.000000,76.000000,1,7494150,60,358,88,5036,0,8074,3.012000,68,0,0,76.000000
81,1,20351736,101,10.000000,1013.000000,i1_s1_l0_r1,I=1 S=1 L=0 R=1,1,1,0,1,101.000000,0.000000,100.000000,1,15361350,180,635,201,13790,0,23070,3.039000,157,0,0,100.000000
82,1,20352745,100,10.000000,973.000000,i1_s1_l0_r1,I=1 S=1 L=0 R=1,1,1,0,1,100.000000,0.000000,63.000000,1,5117050,30,273,39,264,0,572,2.919000,22,0,0,63.000000
84,1,20354763,100,10.000000,1073.000000,i1_s1_l0_r1,I=1 S=1 L=0 R=1,1,1,0,1,100.000000,0.000000,102.000000,1,7497200,30,374,81,500,0,1652,3.219000,39,0,0,102.000000
85,1,20355772,101,10.000000,1070.000000,i1_s1_l0_r1,I=1 S=1 L=0 R=1,1,1,0,1,101.000000,0.000000,64.000000,1,5339150,30,313,44,376,0,1585,3.210000,40,0,0,64.000000
86,1,20356781,102,10.000000,1005.000000,i1_s1_l0_r1,I=1 S=1 L=0 R=1,1,1,0,1,102.000000,0.000000,67.000000,1,5477300,30,304,38,943,1,1412,3.015000,38,0,0,67.000000
87,1,20357790,101,10.000000,951.000000,i1_s1_l0_r1,I=1 S=1 L=0 R=1,1,1,0,1,101.000000,0.000000,63.000000,1,5260400,30,309,40,641,0,4543,2.853000,41,0,0,63.000000
88,1,20358799,101,10.000000,1110.000000,i1_s1_l0_r1,I=1 S=1 L=0 R=1,1,1,0,1,101.000000,0.000000,68.000000,1,5698550,30,322,46,542,0,5718,3.330000,37,0,0,68.000000
89,1,20359808,101,10.000000,1088.000000,i1_s1_l0_r1,I=1 S=1 L=0 R=1,1,1,0,1,101.000000,0.000000,77.000000,1,7097500,60,363,54,1348,0,3998,3.264000,49,0,0,77.000000
90,1,20360817,100,10.000000,1052.000000,i1_s1_l0_r1,I=1 S=1 L=0 R=1,1,1,0,1,100.000000,0.000000,102.000000,1,10732050,120,534,67,1106,0,11500,3.156000,64,0,0,102.000000
95,1,20365862,100,10.000000,1148.000000,i1_s1_l0_r1,I=1 S=1 L=0 R=1,1,1,0,1,100.000000,0.000000,74.000000,1,6158250,30,321,49,2411,0,3331,3.444000,55,0,0,74.000000
98,1,20368889,101,10.000000,1021.000000,i1_s1_l0_r1,I=1 S=1 L=0 R=1,1,1,0,1,101.000000,0.000000,69.000000,1,10719550,150,481,104,4204,0,13140,3.063000,101,0,0,69.000000
99,1,20369898,100,10.000000,1045.000000,i1_s1_l0_r1,I=1 S=1 L=0 R=1,1,1,0,1,100.000000,0.000000,78.000000,1,7602200,60,399,56,1338,0,5025,3.135000,59,0,0,78.000000
100,1,20370907,101,10.000000,972.000000,i1_s1_l0_r1,I=1 S=1 L=0 R=1,1,1,0,1,105.000000,3.960396,10000.000000,1,1813581250,33838,86273,27004,10711268,0,8782843,2.916000,29920,0,0,1543.000000
101,1,20371916,100,10.000000,1040.000000,i1_s1_l0_r1,I=1 S=1 L=0 R=1,1,1,0,1,100.000000,0.000000,233.000000,1,42580650,660,1776,617,67688,0,93552,3.120000,628,0,0,233.000000
102,1,20372925,100,10.000000,1012.000000,i1_s1_l0_r1,I=1 S=1 L=0 R=1,1,1,0,1,100.000000,0.000000,98.000000,1,13211400,150,566,145,9426,0,12916,3.036000,139,0,0,98.000000
108,1,20378979,100,10.000000,1000.000000,i1_s1_l0_r1,I=1 S=1 L=0 R=1,1,1,0,1,100.000000,0.000000,50.000000,1,6679200,90,320,44,1344,0,5096,3.000000,49,0,0,50.000000
109,1,20379988,101,10.000000,1118.000000,i1_s1_l0_r1,I=1 S=1 L=0 R=1,1,1,0,1,101.000000,0.000000,72.000000,1,5836600,30,322,46,409,0,2271,3.354000,33,0,0,72.000000
110,1,20380997,100,10.000000,1036.000000,i1_s1_l0_r1,I=1 S=1 L=0 R=1,1,1,0,1,100.000000,0.000000,67.000000,1,5536450,30,300,50,2039,0,2664,3.108000,55,0,0,67.000000
111,1,20382006,100,10.000000,1240.000000,i1_s1_l0_r1,I=1 S=1 L=0 R=1,1,1,0,1,100.000000,0.000000,77.000000,1,7430450,60,403,61,1984,0,5632,3.720000,69,0,0,77.000000
116,1,20387051,101,10.000000,1079.000000,i1_s1_l0_r1,I=1 S=1 L=0 R=1,1,1,0,1,101.000000,0.000000,73.000000,1,6196000,30,361,39,432,0,2225,3.237000,40,0,0,73.000000
119,1,20390078,100,10.000000,1054.000000,i1_s1_l0_r1,I=1 S=1 L=0 R=1,1,1,0,1,100.000000,0.000000,132.000000,1,20363800,330,906,128,1942,0,28998,3.162000,138,0,0,132.000000
120,1,20391087,101,10.000000,1052.000000,i1_s1_l0_r1,I=1 S=1 L=0 R=1,1,1,0,1,101.000000,0.000000,63.000000,1,5100400,30,247,50,910,0,855,3.156000,32,0,0,63.000000
121,1,20392096,100,10.000000,1145.000000,i1_s1_l0_r1,I=1 S=1 L=0 R=1,1,1,0,1,100.000000,0.000000,122.000000,1,18054550,240,787,173,11024,0,21696,3.435000,191,0,0,122.000000
122,1,20393105,100,10.000000,1075.000000,i1_s1_l0_r1,I=1 S=1 L=0 R=1,1,1,0,1,100.000000,0.000000,99.000000,1,13037100,180,630,78,1229,0,12235,3.225000,89,0,0,99.000000
123,1,20394114,100,10.000000,1001.000000,i1_s1_l0_r1,I=1 S=1 L=0 R=1,1,1,0,1,100.000000,0.000000,64.000000,1,5183400,30,271,47,623,0,1288,3.003000,27,0,0,64.000000
124,1,20395123,102,10.000000,1046.000000,i1_s1_l0_r1,I=1 S=1 L=0 R=1,1,1,0,1,102.000000,0.000000,209.000000,1,33783500,480,1405,414,13978,0,65400,3.138000,253,0,0,209.000000
125,1,20396132,100,10.000000,1079.000000,i1_s1_l0_r1,I=1 S=1 L=0 R=1,1,1,0,1,100.000000,0.000000,96.000000,1,12550600,180,607,89,1265,0,13649,3.237000,87,0,0,96.000000
127,1,20398150,100,10.000000,1039.000000,i1_s1_l0_r1,I=1 S=1 L=0 R=1,1,1,0,1,100.000000,0.000000,75.000000,1,7597300,60,388,97,5925,0,11058,3.117000,95,0,0,75.000000
128,1,20399159,101,10.000000,1035.000000,i1_s1_l0_r1,I=1 S=1 L=0 R=1,1,1,0,1,101.000000,0.000000,2516.000000,1,522496300,10020,22655,7925,1152590,0,1410355,3.105000,7711,0,0,2516.000000
129,1,20400168,100,10.000000,1041.000000,i1_s1_l0_r1,I=1 S=1 L=0 R=1,1,1,0,1,100.000000,0.000000,552.000000,1,111664800,1920,4590,1665,213434,0,248268,3.123000,1712,0,0,552.000000
130,1,20401177,101,10.000000,1097.000000,i1_s1_l0_r1,I=1 S=1 L=0 R=1,1,1,0,1,101.000000,0.000000,73.000000,1,5719300,30,338,36,559,0,1482,3.291000,38,0,0,73.000000
131,1,20402186,100,10.000000,1044.000000,i1_s1_l0_r1,I=1 S=1 L=0 R=1,1,1,0,1,100.000000,0.000000,63.000000,1,5331750,30,289,48,444,0,892,3.132000,32,0,0,63.000000
132,1,20403195,103,10.000000,1069.000000,i1_s1_l0_r1,I=1 S=1 L=0 R=1,1,1,0,1,103.000000,0.000000,69.000000,1,5712000,30,332,48,1900,0,5158,3.207000,60,0,0,69.000000
134,1,20405213,101,10.000000,1036.000000,i1_s1_l0_r1,I=1 S=1 L=0 R=1,1,1,0,1,101.000000,0.000000,81.000000,1,7910850,60,378,80,3467,0,9616,3.108000,67,0,0,81.000000
135,1,20406222,100,10.000000,1049.000000,i1_s1_l0_r1,I=1 S=1 L=0 R=1,1,1,0,1,100.000000,0.000000,76.000000,1,6273200,30,329,52,2627,0,3676,3.147000,58,0,0,76.000000
137,1,20408240,101,10.000000,1132.000000,i1_s1_l0_r1,I=1 S=1 L=0 R=1,1,1,0,1,101.000000,0.000000,82.000000,1,8717700,90,441,70,1919,0,9195,3.396000,64,0,0,82.000000
138,1,20409249,100,10.000000,1032.000000,i1_s1_l0_r1,I=1 S=1 L=0 R=1,1,1,0,1,100.000000,0.000000,64.000000,1,5170150,30,290,48,752,0,1628,3.096000,35,0,0,64.000000
141,1,20412276,101,10.000000,1001.000000,i1_s1_l0_r1,I=1 S=1 L=0 R=1,1,1,0,1,101.000000,0.000000,69.000000,1,5516550,30,293,42,475,0,1877,3.003000,33,0,0,69.000000
142,1,20413285,100,10.000000,1124.000000,i1_s1_l0_r1,I=1 S=1 L=0 R=1,1,1,0,1,100.000000,0.000000,91.000000,1,11540800,150,566,40,544,0,7850,3.372000,83,0,0,91.000000
143,1,20414294,100,10.000000,1090.000000,i1_s1_l0_r1,I=1 S=1 L=0 R=1,1,1,0,1,100.000000,0.000000,96.000000,1,11860750,150,602,58,1068,0,12929,3.270000,80,0,0,96.000000
144,1,20415303,101,10.000000,1020.000000,i1_s1_l0_r1,I=1 S=1 L=0 R=1,1,1,0,1,101.000000,0.000000,65.000000,1,5316300,30,271,52,816,0,1215,3.060000,26,0,0,65.000000
145,1,20416312,101,10.000000,1132.000000,i1_s1_l0_r1,I=1 S=1 L=0 R=1,1,1,0,1,101.000000,0.000000,72.000000,1,5827750,30,304,47,809,0,1952,3.396000,35,0,0,72.000000
146,1,20417321,100,10.000000,981.000000,i1_s1_l0_r1,I=1 S=1 L=0 R=1,1,1,0,1,100.000000,0.000000,114.000000,1,15471100,180,616,227,19160,0,24325,2.943000,196,0,0,114.000000
147,1,20418330,100,10.000000,1083.000000,i1_s1_l0_r1,I=1 S=1 L=0 R=1,1,1,0,1,100.000000,0.000000,1726.000000,1,321470400,6180,13611,5284,630027,0,879473,3.249000,4531,0,0,1726.000000
148,1,20419339,101,10.000000,1077.000000,i1_s1_l0_r1,I=1 S=1 L=0 R=1,1,1,0,1,101.000000,0.000000,67.000000,1,6567200,60,336,40,396,0,1383,3.231000,41,0,0,67.000000
149,1,20420348,100,10.000000,985.000000,i1_s1_l0_r1,I=1 S=1 L=0 R=1,1,1,0,1,100.000000,0.000000,94.000000,1,7636900,30,398,64,694,0,2030,2.955000,42,0,0,94.000000
150,1,20421357,100,10.000000,1009.000000,i1_s1_l0_r1,I=1 S=1 L=0 R=1,1,1,0,1,100.000000,0.000000,104.000000,1,13596650,180,632,92,2216,0,20357,3.027000,74,0,0,104.000000
