instance,repetition,seed,optimum,budget_seconds,initial_cost,variant,label,cost,gap_pct,time_ms,feasible,candidates,rounds,moves,swaps,rejected_capacity,rejected_sla,rejected_smax,lambda,service_replacements,oscillation_calls,successful_oscillations,time_to_best_ms
28,1,20298259,102,0.550000,1085.000000,regret,+ utilidade por arrependimento,107.000000,4.901961,550.000000,1,96077964,1980,3928,1247,208351,0,236705,0.513000,1427,0,0,389.000000
100,1,20370907,101,0.550000,972.000000,regret,+ utilidade por arrependimento,109.000000,7.920792,550.000000,1,99920344,2160,4205,1246,293860,0,300425,0.588000,1636,0,0,435.000000
128,1,20399159,101,0.550000,1035.000000,regret,+ utilidade por arrependimento,106.000000,4.950495,550.000000,1,106546630,2430,3669,1335,160756,0,247674,0.522000,1108,0,0,332.000000
129,1,20400168,100,0.550000,1041.000000,regret,+ utilidade por arrependimento,103.000000,3.000000,550.000000,1,109525228,2460,4062,1289,136377,0,175743,0.498000,1678,0,0,380.000000
147,1,20418330,100,0.550000,1083.000000,regret,+ utilidade por arrependimento,106.000000,6.000000,550.000000,1,95172172,2123,3582,1118,160343,0,244637,0.510000,1290,0,0,299.000000
28,1,20298259,102,2.000000,1085.000000,regret,+ utilidade por arrependimento,105.000000,2.941176,2000.000000,1,363405942,7714,14370,5020,750033,0,843894,0.513000,5331,0,0,832.000000
100,1,20370907,101,2.000000,972.000000,regret,+ utilidade por arrependimento,107.000000,5.940594,2000.000000,1,337939310,7049,14735,4554,1187766,0,1220356,0.588000,5253,0,0,1576.000000
128,1,20399159,101,2.000000,1035.000000,regret,+ utilidade por arrependimento,103.000000,1.980198,2000.000000,1,380680188,8460,14439,5239,640687,0,888930,0.522000,4579,0,0,998.000000
129,1,20400168,100,2.000000,1041.000000,regret,+ utilidade por arrependimento,100.000000,0.000000,826.000000,1,163860450,3720,6107,1852,192678,0,257487,0.498000,2420,0,0,826.000000
147,1,20418330,100,2.000000,1083.000000,regret,+ utilidade por arrependimento,100.000000,0.000000,951.000000,1,177800250,4050,6389,2270,243217,0,375353,0.510000,2373,0,0,951.000000
28,1,20298259,102,5.000000,1085.000000,regret,+ utilidade por arrependimento,103.000000,0.980392,5000.000000,1,971190340,21053,39623,12313,2095419,0,2304851,0.513000,15380,0,0,2370.000000
100,1,20370907,101,5.000000,972.000000,regret,+ utilidade por arrependimento,107.000000,5.940594,5000.000000,1,813751198,16890,36026,10904,3571488,0,3539588,0.588000,12623,0,0,1575.000000
128,1,20399159,101,5.000000,1035.000000,regret,+ utilidade por arrependimento,103.000000,1.980198,5000.000000,1,873561388,18840,36732,12039,1803651,0,2337785,0.522000,11599,0,0,1001.000000
129,1,20400168,100,5.000000,1041.000000,regret,+ utilidade por arrependimento,100.000000,0.000000,807.000000,1,163860450,3720,6107,1852,192678,0,257487,0.498000,2420,0,0,807.000000
147,1,20418330,100,5.000000,1083.000000,regret,+ utilidade por arrependimento,100.000000,0.000000,937.000000,1,177800250,4050,6389,2270,243217,0,375353,0.510000,2373,0,0,937.000000
28,1,20298259,102,10.000000,1085.000000,regret,+ utilidade por arrependimento,102.000000,0.000000,7593.000000,1,1348755200,28140,55673,17904,3205812,0,3415411,0.513000,21958,0,0,7593.000000
100,1,20370907,101,10.000000,972.000000,regret,+ utilidade por arrependimento,104.000000,2.970297,10000.000000,1,1656222296,34590,72661,21978,7155270,0,6907986,0.588000,26767,0,0,9100.000000
128,1,20399159,101,10.000000,1035.000000,regret,+ utilidade por arrependimento,103.000000,1.980198,10000.000000,1,1585955748,32790,69604,22373,3721878,0,4671213,0.522000,22013,0,0,1001.000000
129,1,20400168,100,10.000000,1041.000000,regret,+ utilidade por arrependimento,100.000000,0.000000,822.000000,1,163860450,3720,6107,1852,192678,0,257487,0.498000,2420,0,0,822.000000
147,1,20418330,100,10.000000,1083.000000,regret,+ utilidade por arrependimento,100.000000,0.000000,945.000000,1,177800250,4050,6389,2270,243217,0,375353,0.510000,2373,0,0,945.000000
28,1,20298259,102,30.000000,1085.000000,regret,+ utilidade por arrependimento,102.000000,0.000000,7550.000000,1,1348755200,28140,55673,17904,3205812,0,3415411,0.513000,21958,0,0,7550.000000
100,1,20370907,101,30.000000,972.000000,regret,+ utilidade por arrependimento,104.000000,2.970297,30000.000000,1,4433444600,87698,204684,60768,24425449,0,20954574,0.588000,75322,0,0,9140.000000
128,1,20399159,101,30.000000,1035.000000,regret,+ utilidade por arrependimento,102.000000,0.990099,30000.000000,1,5204030730,109615,237508,69572,12988752,0,16787090,0.522000,75887,0,0,18920.000000
129,1,20400168,100,30.000000,1041.000000,regret,+ utilidade por arrependimento,100.000000,0.000000,784.000000,1,163860450,3720,6107,1852,192678,0,257487,0.498000,2420,0,0,784.000000
147,1,20418330,100,30.000000,1083.000000,regret,+ utilidade por arrependimento,100.000000,0.000000,929.000000,1,177800250,4050,6389,2270,243217,0,375353,0.510000,2373,0,0,929.000000
