instance,repetition,seed,optimum,budget_seconds,initial_cost,variant,label,cost,gap_pct,time_ms,feasible,candidates,rounds,moves,swaps,rejected_capacity,rejected_sla,rejected_smax,lambda,service_replacements,oscillation_calls,successful_oscillations
28,1,20298259,102,0.550000,1085.000000,gls,GLS,139.000000,36.274510,550.000000,1,20449149,373,224,770,0,0,0,3.255000,0,0,0
28,1,20298259,102,0.550000,1085.000000,gfls,+ GFLS,139.000000,36.274510,550.000000,1,21498202,398,239,801,0,0,0,3.255000,0,0,0
28,1,20298259,102,0.550000,1085.000000,incremental,+ avaliação incremental,125.000000,22.549020,550.000000,1,157861084,2700,1868,5991,1717238,0,3767447,3.255000,0,0,0
28,1,20298259,102,0.550000,1085.000000,service_replace,+ substituição de serviço,113.000000,10.784314,550.000000,1,53889216,480,2891,923,228976,0,312987,3.255000,1005,0,0
28,1,20298259,102,0.550000,1085.000000,lambda_local,+ lambda local,118.000000,15.686275,550.000000,1,53270356,671,2622,700,346043,0,445359,0.513000,888,0,0
28,1,20298259,102,0.550000,1085.000000,regret,+ utilidade por arrependimento,107.000000,4.901961,550.000000,1,93608418,1928,3807,1216,203311,0,231367,0.513000,1388,0,0
28,1,20298259,102,0.550000,1085.000000,top1,+ penalização top-1,108.000000,5.882353,550.000000,1,128823298,3373,4391,1323,188942,0,208117,0.513000,1619,0,0
28,1,20298259,102,0.550000,1085.000000,osc_cond,+ oscilação condicional,108.000000,5.882353,550.000000,1,129800042,3398,4433,1328,190286,0,209363,0.513000,1640,0,0
28,2,20307435,102,0.550000,1085.000000,gls,GLS,139.000000,36.274510,550.000000,1,20628773,377,226,776,0,0,0,3.255000,0,0,0
28,2,20307435,102,0.550000,1085.000000,gfls,+ GFLS,139.000000,36.274510,550.000000,1,21290364,393,236,795,0,0,0,3.255000,0,0,0
28,2,20307435,102,0.550000,1085.000000,incremental,+ avaliação incremental,125.000000,22.549020,550.000000,1,150423502,2606,1771,5684,1563283,0,3354254,3.255000,0,0,0
28,2,20307435,102,0.550000,1085.000000,service_replace,+ substituição de serviço,113.000000,10.784314,550.000000,1,51192752,450,2757,875,220649,0,303098,3.255000,958,0,0
28,2,20307435,102,0.550000,1085.000000,lambda_local,+ lambda local,118.000000,15.686275,550.000000,1,52421188,660,2585,689,340225,0,437012,0.513000,878,0,0
28,2,20307435,102,0.550000,1085.000000,regret,+ utilidade por arrependimento,107.000000,4.901961,550.000000,1,78428672,1600,3165,1037,175898,0,200841,0.513000,1147,0,0
28,2,20307435,102,0.550000,1085.000000,top1,+ penalização top-1,110.000000,7.843137,550.000000,1,105523452,2765,3550,1101,155013,0,172950,0.513000,1252,0,0
28,2,20307435,102,0.550000,1085.000000,osc_cond,+ oscilação condicional,110.000000,7.843137,550.000000,1,118799228,3116,4023,1229,174882,0,192690,0.513000,1448,0,0
28,3,20316611,102,0.550000,1085.000000,gls,GLS,139.000000,36.274510,550.000000,1,19767531,356,213,753,0,0,0,3.255000,0,0,0
28,3,20316611,102,0.550000,1085.000000,gfls,+ GFLS,139.000000,36.274510,550.000000,1,21398484,396,238,797,0,0,0,3.255000,0,0,0
28,3,20316611,102,0.550000,1085.000000,incremental,+ avaliação incremental,125.000000,22.549020,550.000000,1,151058166,2610,1790,5704,1583427,0,3411941,3.255000,0,0,0
28,3,20316611,102,0.550000,1085.000000,service_replace,+ substituição de serviço,113.000000,10.784314,550.000000,1,51057072,450,2743,874,219271,0,301147,3.255000,953,0,0
28,3,20316611,102,0.550000,1085.000000,lambda_local,+ lambda local,118.000000,15.686275,550.000000,1,52306116,660,2582,686,338635,0,434669,0.513000,878,0,0
28,3,20316611,102,0.550000,1085.000000,regret,+ utilidade por arrependimento,107.000000,4.901961,550.000000,1,91610080,1890,3710,1191,198657,0,226533,0.513000,1356,0,0
28,3,20316611,102,0.550000,1085.000000,top1,+ penalização top-1,109.000000,6.862745,550.000000,1,126915224,3322,4312,1312,186249,0,205248,0.513000,1580,0,0
28,3,20316611,102,0.550000,1085.000000,osc_cond,+ oscilação condicional,108.000000,5.882353,550.000000,1,128630830,3367,4381,1323,188719,0,207905,0.513000,1614,0,0
100,1,20370907,101,0.550000,972.000000,gls,GLS,164.000000,62.376238,550.000000,1,19230596,330,104,852,0,0,0,2.916000,0,0,0
100,1,20370907,101,0.550000,972.000000,gfls,+ GFLS,164.000000,62.376238,550.000000,1,19365060,331,104,860,0,0,0,2.916000,0,0,0
100,1,20370907,101,0.550000,972.000000,incremental,+ avaliação incremental,151.000000,49.504950,550.000000,1,132413954,2190,729,5938,2914408,0,4385567,2.916000,0,0,0
100,1,20370907,101,0.550000,972.000000,service_replace,+ substituição de serviço,124.000000,22.772277,550.000000,1,50610008,450,2761,893,345169,0,414488,2.916000,1051,0,0
100,1,20370907,101,0.550000,972.000000,lambda_local,+ lambda local,125.000000,23.762376,550.000000,1,58415488,900,2840,804,433626,0,477108,0.588000,1151,0,0
100,1,20370907,101,0.550000,972.000000,regret,+ utilidade por arrependimento,109.000000,7.920792,550.000000,1,94156690,2040,3949,1174,276753,0,282470,0.588000,1541,0,0
100,1,20370907,101,0.550000,972.000000,top1,+ penalização top-1,114.000000,12.871287,550.000000,1,118076298,3060,4316,1354,269165,0,257061,0.588000,1684,0,0
100,1,20370907,101,0.550000,972.000000,osc_cond,+ oscilação condicional,114.000000,12.871287,550.000000,1,118357000,3066,4324,1359,269919,0,257624,0.588000,1686,0,0
100,2,20380083,101,0.550000,972.000000,gls,GLS,164.000000,62.376238,550.000000,1,19528775,334,104,868,0,0,0,2.916000,0,0,0
100,2,20380083,101,0.550000,972.000000,gfls,+ GFLS,164.000000,62.376238,550.000000,1,20676656,350,109,924,0,0,0,2.916000,0,0,0
100,2,20380083,101,0.550000,972.000000,incremental,+ avaliação incremental,151.000000,49.504950,550.000000,1,122611720,2070,650,5481,2564158,0,3778054,2.916000,0,0,0
100,2,20380083,101,0.550000,972.000000,service_replace,+ substituição de serviço,124.000000,22.772277,550.000000,1,49992214,445,2725,884,340384,0,409311,2.916000,1036,0,0
100,2,20380083,101,0.550000,972.000000,lambda_local,+ lambda local,125.000000,23.762376,550.000000,1,60190006,930,2913,832,450031,0,496438,0.588000,1179,0,0
100,2,20380083,101,0.550000,972.000000,regret,+ utilidade por arrependimento,109.000000,7.920792,550.000000,1,96869826,2100,4065,1208,284289,0,290577,0.588000,1580,0,0
100,2,20380083,101,0.550000,972.000000,top1,+ penalização top-1,114.000000,12.871287,550.000000,1,121291140,3147,4427,1392,277224,0,264299,0.588000,1721,0,0
100,2,20380083,101,0.550000,972.000000,osc_cond,+ oscilação condicional,114.000000,12.871287,550.000000,1,116773250,3018,4273,1344,266262,0,254204,0.588000,1671,0,0
100,3,20389259,101,0.550000,972.000000,gls,GLS,164.000000,62.376238,550.000000,1,19556348,334,104,870,0,0,0,2.916000,0,0,0
100,3,20389259,101,0.550000,972.000000,gfls,+ GFLS,164.000000,62.376238,550.000000,1,20230562,343,106,904,0,0,0,2.916000,0,0,0
100,3,20389259,101,0.550000,972.000000,incremental,+ avaliação incremental,151.000000,49.504950,550.000000,1,136491614,2250,753,6126,3053829,0,4638544,2.916000,0,0,0
100,3,20389259,101,0.550000,972.000000,service_replace,+ substituição de serviço,124.000000,22.772277,550.000000,1,50514392,450,2756,892,344153,0,413298,2.916000,1050,0,0
100,3,20389259,101,0.550000,972.000000,lambda_local,+ lambda local,125.000000,23.762376,550.000000,1,60429878,930,2926,838,455651,0,503387,0.588000,1184,0,0
100,3,20389259,101,0.550000,972.000000,regret,+ utilidade por arrependimento,109.000000,7.920792,550.000000,1,95605546,2070,4001,1196,281534,0,287725,0.588000,1558,0,0
100,3,20389259,101,0.550000,972.000000,top1,+ penalização top-1,114.000000,12.871287,550.000000,1,118026250,3060,4313,1353,268502,0,256357,0.588000,1683,0,0
100,3,20389259,101,0.550000,972.000000,osc_cond,+ oscilação condicional,114.000000,12.871287,550.000000,1,120408672,3121,4409,1380,275489,0,262808,0.588000,1714,0,0
128,1,20399159,101,0.550000,1035.000000,gls,GLS,144.000000,42.574257,550.000000,1,20315258,358,169,831,0,0,0,3.105000,0,0,0
128,1,20399159,101,0.550000,1035.000000,gfls,+ GFLS,144.000000,42.574257,550.000000,1,21399423,362,189,880,0,0,0,3.105000,0,0,0
128,1,20399159,101,0.550000,1035.000000,incremental,+ avaliação incremental,125.000000,23.762376,550.000000,1,150439726,2359,1787,5916,1323291,0,3676687,3.105000,0,0,0
128,1,20399159,101,0.550000,1035.000000,service_replace,+ substituição de serviço,116.000000,14.851485,550.000000,1,50704298,420,2565,899,180548,0,281223,3.105000,793,0,0
128,1,20399159,101,0.550000,1035.000000,lambda_local,+ lambda local,110.000000,8.910891,550.000000,1,61466134,849,2593,855,245667,0,385416,0.522000,753,0,0
128,1,20399159,101,0.550000,1035.000000,regret,+ utilidade por arrependimento,106.000000,4.950495,550.000000,1,103951284,2370,3562,1307,157470,0,243183,0.522000,1069,0,0
128,1,20399159,101,0.550000,1035.000000,top1,+ penalização top-1,106.000000,4.950495,550.000000,1,117316550,3048,3508,1444,136446,0,185459,0.522000,1140,0,0
128,1,20399159,101,0.550000,1035.000000,osc_cond,+ oscilação condicional,106.000000,4.950495,550.000000,1,118065584,3064,3530,1458,137224,0,186580,0.522000,1150,0,0
128,2,20408335,101,0.550000,1035.000000,gls,GLS,144.000000,42.574257,550.000000,1,20127812,354,168,824,0,0,0,3.105000,0,0,0
128,2,20408335,101,0.550000,1035.000000,gfls,+ GFLS,144.000000,42.574257,550.000000,1,21060302,362,182,864,0,0,0,3.105000,0,0,0
128,2,20408335,101,0.550000,1035.000000,incremental,+ avaliação incremental,125.000000,23.762376,550.000000,1,148324944,2340,1740,5841,1292807,0,3562781,3.105000,0,0,0
128,2,20408335,101,0.550000,1035.000000,service_replace,+ substituição de serviço,116.000000,14.851485,550.000000,1,49346554,407,2508,868,177837,0,277847,3.105000,774,0,0
128,2,20408335,101,0.550000,1035.000000,lambda_local,+ lambda local,110.000000,8.910891,550.000000,1,60961982,840,2585,842,243953,0,382778,0.522000,750,0,0
128,2,20408335,101,0.550000,1035.000000,regret,+ utilidade por arrependimento,106.000000,4.950495,550.000000,1,102607204,2340,3527,1287,155125,0,240072,0.522000,1059,0,0
128,2,20408335,101,0.550000,1035.000000,top1,+ penalização top-1,106.000000,4.950495,550.000000,1,117883256,3060,3526,1454,136994,0,186248,0.522000,1148,0,0
128,2,20408335,101,0.550000,1035.000000,osc_cond,+ oscilação condicional,106.000000,4.950495,550.000000,1,115702500,3008,3451,1421,134030,0,181969,0.522000,1122,0,0
128,3,20417511,101,0.550000,1035.000000,gls,GLS,144.000000,42.574257,550.000000,1,20249528,357,169,828,0,0,0,3.105000,0,0,0
128,3,20417511,101,0.550000,1035.000000,gfls,+ GFLS,144.000000,42.574257,550.000000,1,21236950,362,183,875,0,0,0,3.105000,0,0,0
128,3,20417511,101,0.550000,1035.000000,incremental,+ avaliação incremental,125.000000,23.762376,550.000000,1,150637634,2365,1787,5924,1323987,0,3678058,3.105000,0,0,0
128,3,20417511,101,0.550000,1035.000000,service_replace,+ substituição de serviço,116.000000,14.851485,550.000000,1,50610474,420,2558,897,180311,0,280873,3.105000,791,0,0
128,3,20417511,101,0.550000,1035.000000,lambda_local,+ lambda local,110.000000,8.910891,550.000000,1,61897222,855,2610,862,247223,0,387082,0.522000,758,0,0
128,3,20417511,101,0.550000,1035.000000,regret,+ utilidade por arrependimento,106.000000,4.950495,550.000000,1,105535856,2405,3630,1325,159968,0,246663,0.522000,1089,0,0
128,3,20417511,101,0.550000,1035.000000,top1,+ penalização top-1,106.000000,4.950495,550.000000,1,119233532,3090,3549,1482,138183,0,188075,0.522000,1156,0,0
128,3,20417511,101,0.550000,1035.000000,osc_cond,+ oscilação condicional,107.000000,5.940594,550.000000,1,114396294,2970,3437,1398,133071,0,180512,0.522000,1119,0,0
129,1,20400168,100,0.550000,1041.000000,gls,GLS,126.000000,26.000000,550.000000,1,20069575,313,259,770,0,0,0,3.123000,0,0,0
129,1,20400168,100,0.550000,1041.000000,gfls,+ GFLS,126.000000,26.000000,550.000000,1,21270963,330,263,829,0,0,0,3.123000,0,0,0
129,1,20400168,100,0.550000,1041.000000,incremental,+ avaliação incremental,108.000000,8.000000,550.000000,1,125880024,1696,2485,4239,913113,0,1902419,3.123000,0,0,0
129,1,20400168,100,0.550000,1041.000000,service_replace,+ substituição de serviço,108.000000,8.000000,550.000000,1,45123584,390,2274,650,127759,0,184550,3.123000,732,0,0
129,1,20400168,100,0.550000,1041.000000,lambda_local,+ lambda local,107.000000,7.000000,550.000000,1,43549562,570,1989,474,180320,0,276294,0.498000,599,0,0
129,1,20400168,100,0.550000,1041.000000,regret,+ utilidade por arrependimento,103.000000,3.000000,550.000000,1,91190842,2040,3369,1091,115368,0,148830,0.498000,1398,0,0
129,1,20400168,100,0.550000,1041.000000,top1,+ penalização top-1,102.000000,2.000000,550.000000,1,116377300,2981,3880,1170,103651,0,131920,0.498000,1575,0,0
129,1,20400168,100,0.550000,1041.000000,osc_cond,+ oscilação condicional,102.000000,2.000000,550.000000,1,113521572,2913,3782,1136,100374,0,128013,0.498000,1530,0,0
129,2,20409344,100,0.550000,1041.000000,gls,GLS,126.000000,26.000000,550.000000,1,18764406,300,224,731,0,0,0,3.123000,0,0,0
129,2,20409344,100,0.550000,1041.000000,gfls,+ GFLS,126.000000,26.000000,550.000000,1,19952858,311,259,764,0,0,0,3.123000,0,0,0
129,2,20409344,100,0.550000,1041.000000,incremental,+ avaliação incremental,108.000000,8.000000,550.000000,1,141667762,1879,2911,4686,1034720,0,2220320,3.123000,0,0,0
129,2,20409344,100,0.550000,1041.000000,service_replace,+ substituição de serviço,108.000000,8.000000,550.000000,1,48872882,420,2462,695,140382,0,203292,3.123000,788,0,0
129,2,20409344,100,0.550000,1041.000000,lambda_local,+ lambda local,107.000000,7.000000,550.000000,1,48758966,630,2252,528,207967,0,321208,0.498000,678,0,0
129,2,20409344,100,0.550000,1041.000000,regret,+ utilidade por arrependimento,103.000000,3.000000,550.000000,1,101823744,2280,3783,1202,127717,0,164674,0.498000,1567,0,0
129,2,20409344,100,0.550000,1041.000000,top1,+ penalização top-1,102.000000,2.000000,550.000000,1,120788200,3077,4046,1225,108925,0,138031,0.498000,1648,0,0
129,2,20409344,100,0.550000,1041.000000,osc_cond,+ oscilação condicional,102.000000,2.000000,550.000000,1,126912582,3210,4295,1290,117631,0,147839,0.498000,1747,0,0
129,3,20418520,100,0.550000,1041.000000,gls,GLS,126.000000,26.000000,550.000000,1,18960608,300,230,738,0,0,0,3.123000,0,0,0
129,3,20418520,100,0.550000,1041.000000,gfls,+ GFLS,126.000000,26.000000,550.000000,1,21268077,330,263,829,0,0,0,3.123000,0,0,0
129,3,20418520,100,0.550000,1041.000000,incremental,+ avaliação incremental,108.000000,8.000000,550.000000,1,149636496,1964,3153,4892,1094210,0,2392037,3.123000,0,0,0
129,3,20418520,100,0.550000,1041.000000,service_replace,+ substituição de serviço,108.000000,8.000000,550.000000,1,52188664,448,2609,747,151143,0,218808,3.123000,832,0,0
129,3,20418520,100,0.550000,1041.000000,lambda_local,+ lambda local,107.000000,7.000000,550.000000,1,53472268,690,2483,577,230003,0,357236,0.498000,741,0,0
129,3,20418520,100,0.550000,1041.000000,regret,+ utilidade por arrependimento,103.000000,3.000000,550.000000,1,106906000,2400,3953,1266,133737,0,172005,0.498000,1635,0,0
129,3,20418520,100,0.550000,1041.000000,top1,+ penalização top-1,102.000000,2.000000,550.000000,1,127099204,3213,4299,1295,117836,0,148064,0.498000,1749,0,0
129,3,20418520,100,0.550000,1041.000000,osc_cond,+ oscilação condicional,102.000000,2.000000,550.000000,1,126224168,3196,4265,1284,116796,0,146880,0.498000,1739,0,0
147,1,20418330,100,0.550000,1083.000000,gls,GLS,136.000000,36.000000,550.000000,1,20275623,272,313,771,0,0,0,3.249000,0,0,0
147,1,20418330,100,0.550000,1083.000000,gfls,+ GFLS,136.000000,36.000000,550.000000,1,21144013,285,319,810,0,0,0,3.249000,0,0,0
147,1,20418330,100,0.550000,1083.000000,incremental,+ avaliação incremental,129.000000,29.000000,550.000000,1,150767268,2370,2132,5582,1073193,0,3934778,3.249000,0,0,0
147,1,20418330,100,0.550000,1083.000000,service_replace,+ substituição de serviço,109.000000,9.000000,550.000000,1,60808038,637,2708,1124,173057,0,301566,3.249000,781,0,0
147,1,20418330,100,0.550000,1083.000000,lambda_local,+ lambda local,110.000000,10.000000,550.000000,1,53753206,660,2335,819,226130,0,427051,0.510000,671,0,0
147,1,20418330,100,0.550000,1083.000000,regret,+ utilidade por arrependimento,106.000000,6.000000,550.000000,1,93615186,2082,3510,1109,158062,0,241090,0.510000,1269,0,0
147,1,20418330,100,0.550000,1083.000000,top1,+ penalização top-1,105.000000,5.000000,550.000000,1,112633004,2988,3338,1484,137770,0,216675,0.510000,923,0,0
147,1,20418330,100,0.550000,1083.000000,osc_cond,+ oscilação condicional,106.000000,6.000000,550.000000,1,110400814,2940,3295,1435,134361,0,210708,0.510000,914,0,0
147,2,20427506,100,0.550000,1083.000000,gls,GLS,136.000000,36.000000,550.000000,1,20161754,270,312,766,0,0,0,3.249000,0,0,0
147,2,20427506,100,0.550000,1083.000000,gfls,+ GFLS,136.000000,36.000000,550.000000,1,21309302,289,319,817,0,0,0,3.249000,0,0,0
147,2,20427506,100,0.550000,1083.000000,incremental,+ avaliação incremental,129.000000,29.000000,550.000000,1,152831250,2400,2162,5660,1090804,0,4016456,3.249000,0,0,0
147,2,20427506,100,0.550000,1083.000000,service_replace,+ substituição de serviço,109.000000,9.000000,550.000000,1,61177190,637,2730,1128,175607,0,306372,3.249000,786,0,0
147,2,20427506,100,0.550000,1083.000000,lambda_local,+ lambda local,110.000000,10.000000,550.000000,1,53980088,661,2342,824,228036,0,431425,0.510000,672,0,0
147,2,20427506,100,0.550000,1083.000000,regret,+ utilidade por arrependimento,106.000000,6.000000,550.000000,1,95938752,2140,3616,1130,161522,0,246361,0.510000,1302,0,0
147,2,20427506,100,0.550000,1083.000000,top1,+ penalização top-1,104.000000,4.000000,550.000000,1,114244992,3031,3378,1504,139780,0,219803,0.510000,931,0,0
147,2,20427506,100,0.550000,1083.000000,osc_cond,+ oscilação condicional,104.000000,4.000000,550.000000,1,115137760,3060,3405,1511,140654,0,221624,0.510000,938,0,0
147,3,20436682,100,0.550000,1083.000000,gls,GLS,136.000000,36.000000,550.000000,1,20378770,273,313,777,0,0,0,3.249000,0,0,0
147,3,20436682,100,0.550000,1083.000000,gfls,+ GFLS,136.000000,36.000000,550.000000,1,21377030,289,320,820,0,0,0,3.249000,0,0,0
147,3,20436682,100,0.550000,1083.000000,incremental,+ avaliação incremental,129.000000,29.000000,550.000000,1,152712850,2400,2160,5654,1088644,0,4003207,3.249000,0,0,0
147,3,20436682,100,0.550000,1083.000000,service_replace,+ substituição de serviço,109.000000,9.000000,550.000000,1,61327462,637,2741,1131,176816,0,308590,3.249000,790,0,0
147,3,20436682,100,0.550000,1083.000000,lambda_local,+ lambda local,110.000000,10.000000,550.000000,1,53970488,661,2342,824,228006,0,431406,0.510000,672,0,0
147,3,20436682,100,0.550000,1083.000000,regret,+ utilidade por arrependimento,106.000000,6.000000,550.000000,1,93851306,2089,3520,1109,158263,0,241409,0.510000,1273,0,0
147,3,20436682,100,0.550000,1083.000000,top1,+ penalização top-1,104.000000,4.000000,550.000000,1,114308516,3032,3384,1504,139882,0,219946,0.510000,933,0,0
147,3,20436682,100,0.550000,1083.000000,osc_cond,+ oscilação condicional,104.000000,4.000000,550.000000,1,114716354,3046,3394,1508,140162,0,220611,0.510000,936,0,0
