instance,repetition,seed,optimum,budget_seconds,initial_cost,ils_cost,ils_gap_pct,ils_time_ms,ils_feasible,gls_cost,gls_gap_pct,gls_time_ms,gls_feasible,gls_osc_cost,gls_osc_gap_pct,gls_osc_time_ms,gls_osc_feasible
1,1,20261827,100,0.550000,421.000000,129.000000,29.000000,550.000000,1,100.000000,0.000000,79.000000,1,100.000000,0.000000,50.000000,1
1,2,20271003,100,0.550000,451.000000,132.000000,32.000000,550.000000,1,100.000000,0.000000,95.000000,1,100.000000,0.000000,192.000000,1
1,3,20280179,100,0.550000,426.000000,132.000000,32.000000,550.000000,1,100.000000,0.000000,94.000000,1,100.000000,0.000000,84.000000,1
5,1,20265863,100,0.550000,1045.000000,163.000000,63.000000,550.000000,1,104.000000,4.000000,550.000000,1,106.000000,6.000000,550.000000,1
5,2,20275039,100,0.550000,1045.000000,158.000000,58.000000,550.000000,1,104.000000,4.000000,550.000000,1,106.000000,6.000000,550.000000,1
5,3,20284215,100,0.550000,1045.000000,164.000000,64.000000,550.000000,1,104.000000,4.000000,550.000000,1,106.000000,6.000000,550.000000,1
7,1,20267881,100,0.550000,419.000000,135.000000,35.000000,550.000000,1,100.000000,0.000000,225.000000,1,100.000000,0.000000,272.000000,1
7,2,20277057,100,0.550000,415.000000,134.000000,34.000000,550.000000,1,100.000000,0.000000,33.000000,1,100.000000,0.000000,35.000000,1
7,3,20286233,100,0.550000,435.000000,135.000000,35.000000,550.000000,1,100.000000,0.000000,200.000000,1,100.000000,0.000000,204.000000,1
8,1,20268890,101,0.550000,420.000000,130.000000,28.712871,550.000000,1,101.000000,0.000000,28.000000,1,101.000000,0.000000,29.000000,1
8,2,20278066,101,0.550000,462.000000,131.000000,29.702970,550.000000,1,101.000000,0.000000,67.000000,1,101.000000,0.000000,69.000000,1
8,3,20287242,101,0.550000,459.000000,131.000000,29.702970,550.000000,1,101.000000,0.000000,87.000000,1,101.000000,0.000000,90.000000,1
11,1,20271917,100,0.550000,1131.000000,154.000000,54.000000,550.000000,1,108.000000,8.000000,550.000000,1,110.000000,10.000000,550.000000,1
11,2,20281093,100,0.550000,1131.000000,156.000000,56.000000,550.000000,1,108.000000,8.000000,550.000000,1,110.000000,10.000000,550.000000,1
11,3,20290269,100,0.550000,1131.000000,160.000000,60.000000,550.000000,1,108.000000,8.000000,550.000000,1,110.000000,10.000000,550.000000,1
13,1,20273935,101,0.550000,474.000000,132.000000,30.693069,550.000000,1,101.000000,0.000000,61.000000,1,101.000000,0.000000,63.000000,1
13,2,20283111,101,0.550000,464.000000,131.000000,29.702970,550.000000,1,101.000000,0.000000,91.000000,1,101.000000,0.000000,96.000000,1
13,3,20292287,101,0.550000,447.000000,132.000000,30.693069,550.000000,1,101.000000,0.000000,57.000000,1,101.000000,0.000000,53.000000,1
14,1,20274944,101,0.550000,451.000000,134.000000,32.673267,550.000000,1,101.000000,0.000000,94.000000,1,101.000000,0.000000,36.000000,1
14,2,20284120,101,0.550000,484.000000,136.000000,34.653465,550.000000,1,101.000000,0.000000,238.000000,1,101.000000,0.000000,84.000000,1
14,3,20293296,101,0.550000,432.000000,131.000000,29.702970,550.000000,1,101.000000,0.000000,199.000000,1,101.000000,0.000000,101.000000,1
15,1,20275953,100,0.550000,433.000000,141.000000,41.000000,550.000000,1,100.000000,0.000000,159.000000,1,100.000000,0.000000,76.000000,1
15,2,20285129,100,0.550000,988.000000,135.000000,35.000000,550.000000,1,100.000000,0.000000,225.000000,1,100.000000,0.000000,202.000000,1
15,3,20294305,100,0.550000,415.000000,140.000000,40.000000,550.000000,1,100.000000,0.000000,92.000000,1,100.000000,0.000000,98.000000,1
17,1,20277971,100,0.550000,457.000000,137.000000,37.000000,550.000000,1,100.000000,0.000000,61.000000,1,100.000000,0.000000,99.000000,1
17,2,20287147,100,0.550000,465.000000,136.000000,36.000000,550.000000,1,100.000000,0.000000,58.000000,1,100.000000,0.000000,63.000000,1
17,3,20296323,100,0.550000,1102.000000,133.000000,33.000000,550.000000,1,100.000000,0.000000,527.000000,1,100.000000,0.000000,296.000000,1
19,1,20279989,102,0.550000,491.000000,139.000000,36.274510,550.000000,1,102.000000,0.000000,270.000000,1,102.000000,0.000000,286.000000,1
19,2,20289165,102,0.550000,450.000000,141.000000,38.235294,550.000000,1,104.000000,1.960784,550.000000,1,102.000000,0.000000,212.000000,1
19,3,20298341,102,0.550000,461.000000,144.000000,41.176471,550.000000,1,104.000000,1.960784,550.000000,1,102.000000,0.000000,257.000000,1
21,1,20282007,101,0.550000,448.000000,133.000000,31.683168,550.000000,1,101.000000,0.000000,30.000000,1,101.000000,0.000000,30.000000,1
21,2,20291183,101,0.550000,443.000000,132.000000,30.693069,550.000000,1,101.000000,0.000000,31.000000,1,101.000000,0.000000,32.000000,1
21,3,20300359,101,0.550000,428.000000,129.000000,27.722772,550.000000,1,101.000000,0.000000,72.000000,1,101.000000,0.000000,74.000000,1
22,1,20283016,101,0.550000,416.000000,129.000000,27.722772,550.000000,1,101.000000,0.000000,87.000000,1,101.000000,0.000000,101.000000,1
22,2,20292192,101,0.550000,429.000000,129.000000,27.722772,550.000000,1,101.000000,0.000000,41.000000,1,101.000000,0.000000,42.000000,1
22,3,20301368,101,0.550000,440.000000,130.000000,28.712871,550.000000,1,101.000000,0.000000,80.000000,1,101.000000,0.000000,69.000000,1
23,1,20284025,100,0.550000,450.000000,137.000000,37.000000,550.000000,1,100.000000,0.000000,83.000000,1,100.000000,0.000000,24.000000,1
23,2,20293201,100,0.550000,471.000000,140.000000,40.000000,550.000000,1,100.000000,0.000000,244.000000,1,100.000000,0.000000,60.000000,1
23,3,20302377,100,0.550000,441.000000,140.000000,40.000000,550.000000,1,100.000000,0.000000,73.000000,1,100.000000,0.000000,428.000000,1
24,1,20285034,102,0.550000,1062.000000,154.000000,50.980392,550.000000,1,102.000000,0.000000,308.000000,1,102.000000,0.000000,373.000000,1
24,2,20294210,102,0.550000,1062.000000,153.000000,50.000000,550.000000,1,102.000000,0.000000,311.000000,1,102.000000,0.000000,370.000000,1
24,3,20303386,102,0.550000,1062.000000,155.000000,51.960784,550.000000,1,102.000000,0.000000,307.000000,1,102.000000,0.000000,374.000000,1
25,1,20286043,103,0.550000,445.000000,137.000000,33.009709,550.000000,1,103.000000,0.000000,84.000000,1,103.000000,0.000000,53.000000,1
25,2,20295219,103,0.550000,425.000000,134.000000,30.097087,550.000000,1,103.000000,0.000000,194.000000,1,103.000000,0.000000,196.000000,1
25,3,20304395,103,0.550000,443.000000,134.000000,30.097087,550.000000,1,103.000000,0.000000,77.000000,1,103.000000,0.000000,95.000000,1
28,1,20289070,102,0.550000,1085.000000,174.000000,70.588235,550.000000,1,125.000000,22.549020,550.000000,1,126.000000,23.529412,550.000000,1
28,2,20298246,102,0.550000,1085.000000,172.000000,68.627451,550.000000,1,125.000000,22.549020,550.000000,1,126.000000,23.529412,550.000000,1
28,3,20307422,102,0.550000,1085.000000,168.000000,64.705882,550.000000,1,125.000000,22.549020,550.000000,1,126.000000,23.529412,550.000000,1
29,1,20290079,101,0.550000,434.000000,136.000000,34.653465,550.000000,1,101.000000,0.000000,293.000000,1,101.000000,0.000000,81.000000,1
29,2,20299255,101,0.550000,452.000000,135.000000,33.663366,550.000000,1,101.000000,0.000000,90.000000,1,101.000000,0.000000,83.000000,1
29,3,20308431,101,0.550000,460.000000,136.000000,34.653465,550.000000,1,101.000000,0.000000,483.000000,1,101.000000,0.000000,550.000000,1
30,1,20291088,102,0.550000,436.000000,132.000000,29.411765,550.000000,1,102.000000,0.000000,55.000000,1,102.000000,0.000000,22.000000,1
30,2,20300264,102,0.550000,440.000000,133.000000,30.392157,550.000000,1,102.000000,0.000000,22.000000,1,102.000000,0.000000,22.000000,1
30,3,20309440,102,0.550000,499.000000,133.000000,30.392157,550.000000,1,102.000000,0.000000,68.000000,1,102.000000,0.000000,71.000000,1
31,1,20292097,100,0.550000,447.000000,124.000000,24.000000,550.000000,1,100.000000,0.000000,28.000000,1,100.000000,0.000000,28.000000,1
31,2,20301273,100,0.550000,434.000000,122.000000,22.000000,550.000000,1,100.000000,0.000000,35.000000,1,100.000000,0.000000,36.000000,1
31,3,20310449,100,0.550000,454.000000,124.000000,24.000000,550.000000,1,100.000000,0.000000,35.000000,1,100.000000,0.000000,37.000000,1
33,1,20294115,100,0.550000,444.000000,131.000000,31.000000,550.000000,1,100.000000,0.000000,80.000000,1,100.000000,0.000000,80.000000,1
33,2,20303291,100,0.550000,424.000000,132.000000,32.000000,550.000000,1,100.000000,0.000000,77.000000,1,100.000000,0.000000,82.000000,1
33,3,20312467,100,0.550000,507.000000,135.000000,35.000000,550.000000,1,100.000000,0.000000,89.000000,1,100.000000,0.000000,93.000000,1
35,1,20296133,101,0.550000,430.000000,147.000000,45.544554,550.000000,1,101.000000,0.000000,152.000000,1,101.000000,0.000000,174.000000,1
35,2,20305309,101,0.550000,440.000000,143.000000,41.584158,550.000000,1,101.000000,0.000000,515.000000,1,101.000000,0.000000,398.000000,1
35,3,20314485,101,0.550000,452.000000,146.000000,44.554455,550.000000,1,101.000000,0.000000,101.000000,1,102.000000,0.990099,550.000000,1
40,1,20301178,101,0.550000,1081.000000,154.000000,52.475248,550.000000,1,107.000000,5.940594,550.000000,1,117.000000,15.841584,550.000000,1
40,2,20310354,101,0.550000,1081.000000,152.000000,50.495050,550.000000,1,107.000000,5.940594,550.000000,1,117.000000,15.841584,550.000000,1
40,3,20319530,101,0.550000,1081.000000,150.000000,48.514851,550.000000,1,107.000000,5.940594,550.000000,1,117.000000,15.841584,550.000000,1
41,1,20302187,101,0.550000,414.000000,134.000000,32.673267,550.000000,1,101.000000,0.000000,21.000000,1,101.000000,0.000000,22.000000,1
41,2,20311363,101,0.550000,466.000000,130.000000,28.712871,550.000000,1,101.000000,0.000000,24.000000,1,101.000000,0.000000,26.000000,1
41,3,20320539,101,0.550000,451.000000,133.000000,31.683168,550.000000,1,101.000000,0.000000,37.000000,1,101.000000,0.000000,38.000000,1
42,1,20303196,100,0.550000,463.000000,135.000000,35.000000,550.000000,1,101.000000,1.000000,550.000000,1,100.000000,0.000000,542.000000,1
42,2,20312372,100,0.550000,403.000000,140.000000,40.000000,550.000000,1,100.000000,0.000000,180.000000,1,100.000000,0.000000,256.000000,1
42,3,20321548,100,0.550000,483.000000,147.000000,47.000000,550.000000,1,100.000000,0.000000,261.000000,1,100.000000,0.000000,177.000000,1
43,1,20304205,100,0.550000,415.000000,141.000000,41.000000,550.000000,1,100.000000,0.000000,66.000000,1,100.000000,0.000000,88.000000,1
43,2,20313381,100,0.550000,453.000000,134.000000,34.000000,550.000000,1,100.000000,0.000000,180.000000,1,100.000000,0.000000,68.000000,1
43,3,20322557,100,0.550000,1013.000000,140.000000,40.000000,550.000000,1,100.000000,0.000000,267.000000,1,101.000000,1.000000,550.000000,1
44,1,20305214,101,0.550000,447.000000,138.000000,36.633663,550.000000,1,101.000000,0.000000,261.000000,1,101.000000,0.000000,266.000000,1
44,2,20314390,101,0.550000,413.000000,134.000000,32.673267,550.000000,1,101.000000,0.000000,143.000000,1,101.000000,0.000000,147.000000,1
44,3,20323566,101,0.550000,428.000000,139.000000,37.623762,550.000000,1,101.000000,0.000000,231.000000,1,101.000000,0.000000,69.000000,1
45,1,20306223,100,0.550000,437.000000,131.000000,31.000000,550.000000,1,100.000000,0.000000,85.000000,1,100.000000,0.000000,15.000000,1
45,2,20315399,100,0.550000,471.000000,130.000000,30.000000,550.000000,1,100.000000,0.000000,79.000000,1,100.000000,0.000000,31.000000,1
45,3,20324575,100,0.550000,508.000000,130.000000,30.000000,550.000000,1,100.000000,0.000000,82.000000,1,100.000000,0.000000,41.000000,1
47,1,20308241,100,0.550000,428.000000,127.000000,27.000000,550.000000,1,100.000000,0.000000,42.000000,1,100.000000,0.000000,102.000000,1
47,2,20317417,100,0.550000,441.000000,133.000000,33.000000,550.000000,1,100.000000,0.000000,83.000000,1,100.000000,0.000000,68.000000,1
47,3,20326593,100,0.550000,449.000000,131.000000,31.000000,550.000000,1,100.000000,0.000000,84.000000,1,100.000000,0.000000,127.000000,1
48,1,20309250,101,0.550000,494.000000,124.000000,22.772277,550.000000,1,101.000000,0.000000,21.000000,1,101.000000,0.000000,22.000000,1
48,2,20318426,101,0.550000,434.000000,130.000000,28.712871,550.000000,1,101.000000,0.000000,27.000000,1,101.000000,0.000000,28.000000,1
48,3,20327602,101,0.550000,403.000000,126.000000,24.752475,550.000000,1,101.000000,0.000000,33.000000,1,101.000000,0.000000,34.000000,1
50,1,20311268,100,0.550000,477.000000,137.000000,37.000000,550.000000,1,100.000000,0.000000,197.000000,1,100.000000,0.000000,157.000000,1
50,2,20320444,100,0.550000,467.000000,134.000000,34.000000,550.000000,1,100.000000,0.000000,550.000000,1,101.000000,1.000000,550.000000,1
50,3,20329620,100,0.550000,461.000000,137.000000,37.000000,550.000000,1,100.000000,0.000000,232.000000,1,100.000000,0.000000,238.000000,1
51,1,20312277,100,0.550000,480.000000,130.000000,30.000000,550.000000,1,100.000000,0.000000,32.000000,1,100.000000,0.000000,32.000000,1
51,2,20321453,100,0.550000,431.000000,128.000000,28.000000,550.000000,1,100.000000,0.000000,21.000000,1,100.000000,0.000000,23.000000,1
51,3,20330629,100,0.550000,424.000000,129.000000,29.000000,550.000000,1,100.000000,0.000000,40.000000,1,100.000000,0.000000,40.000000,1
52,1,20313286,101,0.550000,469.000000,135.000000,33.663366,550.000000,1,101.000000,0.000000,85.000000,1,101.000000,0.000000,23.000000,1
52,2,20322462,101,0.550000,429.000000,132.000000,30.693069,550.000000,1,101.000000,0.000000,27.000000,1,101.000000,0.000000,27.000000,1
52,3,20331638,101,0.550000,473.000000,132.000000,30.693069,550.000000,1,101.000000,0.000000,47.000000,1,101.000000,0.000000,24.000000,1
54,1,20315304,100,0.550000,503.000000,134.000000,34.000000,550.000000,1,100.000000,0.000000,273.000000,1,100.000000,0.000000,271.000000,1
54,2,20324480,100,0.550000,453.000000,132.000000,32.000000,550.000000,1,100.000000,0.000000,34.000000,1,100.000000,0.000000,36.000000,1
54,3,20333656,100,0.550000,429.000000,135.000000,35.000000,550.000000,1,100.000000,0.000000,24.000000,1,100.000000,0.000000,25.000000,1
56,1,20317322,101,0.550000,483.000000,142.000000,40.594059,550.000000,1,101.000000,0.000000,237.000000,1,101.000000,0.000000,244.000000,1
56,2,20326498,101,0.550000,455.000000,137.000000,35.643564,550.000000,1,101.000000,0.000000,118.000000,1,101.000000,0.000000,101.000000,1
56,3,20335674,101,0.550000,483.000000,136.000000,34.653465,550.000000,1,101.000000,0.000000,183.000000,1,101.000000,0.000000,87.000000,1
57,1,20318331,100,0.550000,447.000000,131.000000,31.000000,550.000000,1,100.000000,0.000000,34.000000,1,100.000000,0.000000,35.000000,1
57,2,20327507,100,0.550000,458.000000,129.000000,29.000000,550.000000,1,100.000000,0.000000,72.000000,1,100.000000,0.000000,75.000000,1
57,3,20336683,100,0.550000,470.000000,130.000000,30.000000,550.000000,1,100.000000,0.000000,33.000000,1,100.000000,0.000000,33.000000,1
58,1,20319340,100,0.550000,473.000000,132.000000,32.000000,550.000000,1,100.000000,0.000000,51.000000,1,100.000000,0.000000,51.000000,1
58,2,20328516,100,0.550000,413.000000,135.000000,35.000000,550.000000,1,100.000000,0.000000,143.000000,1,100.000000,0.000000,147.000000,1
58,3,20337692,100,0.550000,476.000000,136.000000,36.000000,550.000000,1,100.000000,0.000000,53.000000,1,100.000000,0.000000,54.000000,1
60,1,20321358,100,0.550000,437.000000,143.000000,43.000000,550.000000,1,100.000000,0.000000,44.000000,1,100.000000,0.000000,154.000000,1
60,2,20330534,100,0.550000,488.000000,140.000000,40.000000,550.000000,1,100.000000,0.000000,42.000000,1,100.000000,0.000000,34.000000,1
60,3,20339710,100,0.550000,456.000000,142.000000,42.000000,550.000000,1,100.000000,0.000000,100.000000,1,100.000000,0.000000,50.000000,1
61,1,20322367,101,0.550000,1095.000000,152.000000,50.495050,550.000000,1,101.000000,0.000000,291.000000,1,101.000000,0.000000,218.000000,1
61,2,20331543,101,0.550000,1095.000000,147.000000,45.544554,550.000000,1,101.000000,0.000000,292.000000,1,101.000000,0.000000,227.000000,1
61,3,20340719,101,0.550000,1095.000000,145.000000,43.564356,550.000000,1,101.000000,0.000000,291.000000,1,101.000000,0.000000,219.000000,1
63,1,20324385,100,0.550000,481.000000,130.000000,30.000000,550.000000,1,100.000000,0.000000,83.000000,1,100.000000,0.000000,95.000000,1
63,2,20333561,100,0.550000,434.000000,132.000000,32.000000,550.000000,1,100.000000,0.000000,94.000000,1,100.000000,0.000000,44.000000,1
63,3,20342737,100,0.550000,463.000000,131.000000,31.000000,550.000000,1,100.000000,0.000000,86.000000,1,100.000000,0.000000,88.000000,1
64,1,20325394,100,0.550000,471.000000,133.000000,33.000000,550.000000,1,100.000000,0.000000,100.000000,1,100.000000,0.000000,102.000000,1
64,2,20334570,100,0.550000,417.000000,128.000000,28.000000,550.000000,1,100.000000,0.000000,28.000000,1,100.000000,0.000000,30.000000,1
64,3,20343746,100,0.550000,427.000000,127.000000,27.000000,550.000000,1,100.000000,0.000000,68.000000,1,100.000000,0.000000,69.000000,1
65,1,20326403,100,0.550000,420.000000,139.000000,39.000000,550.000000,1,100.000000,0.000000,103.000000,1,100.000000,0.000000,450.000000,1
65,2,20335579,100,0.550000,453.000000,139.000000,39.000000,550.000000,1,101.000000,1.000000,550.000000,1,101.000000,1.000000,550.000000,1
65,3,20344755,100,0.550000,450.000000,136.000000,36.000000,550.000000,1,100.000000,0.000000,98.000000,1,102.000000,2.000000,550.000000,1
67,1,20328421,100,0.550000,440.000000,130.000000,30.000000,550.000000,1,100.000000,0.000000,85.000000,1,100.000000,0.000000,74.000000,1
67,2,20337597,100,0.550000,477.000000,131.000000,31.000000,550.000000,1,100.000000,0.000000,86.000000,1,100.000000,0.000000,94.000000,1
67,3,20346773,100,0.550000,439.000000,132.000000,32.000000,550.000000,1,100.000000,0.000000,45.000000,1,100.000000,0.000000,24.000000,1
73,1,20334475,102,0.550000,480.000000,141.000000,38.235294,550.000000,1,102.000000,0.000000,111.000000,1,102.000000,0.000000,309.000000,1
73,2,20343651,102,0.550000,459.000000,143.000000,40.196078,550.000000,1,102.000000,0.000000,207.000000,1,102.000000,0.000000,221.000000,1
73,3,20352827,102,0.550000,958.000000,141.000000,38.235294,550.000000,1,102.000000,0.000000,474.000000,1,102.000000,0.000000,514.000000,1
74,1,20335484,100,0.550000,421.000000,131.000000,31.000000,550.000000,1,100.000000,0.000000,79.000000,1,100.000000,0.000000,79.000000,1
74,2,20344660,100,0.550000,495.000000,131.000000,31.000000,550.000000,1,100.000000,0.000000,22.000000,1,100.000000,0.000000,22.000000,1
74,3,20353836,100,0.550000,441.000000,131.000000,31.000000,550.000000,1,100.000000,0.000000,62.000000,1,100.000000,0.000000,63.000000,1
75,1,20336493,100,0.550000,458.000000,123.000000,23.000000,550.000000,1,100.000000,0.000000,28.000000,1,100.000000,0.000000,29.000000,1
75,2,20345669,100,0.550000,422.000000,126.000000,26.000000,550.000000,1,100.000000,0.000000,29.000000,1,100.000000,0.000000,29.000000,1
75,3,20354845,100,0.550000,449.000000,123.000000,23.000000,550.000000,1,100.000000,0.000000,28.000000,1,100.000000,0.000000,30.000000,1
76,1,20337502,100,0.550000,427.000000,136.000000,36.000000,550.000000,1,100.000000,0.000000,89.000000,1,100.000000,0.000000,87.000000,1
76,2,20346678,100,0.550000,464.000000,133.000000,33.000000,550.000000,1,100.000000,0.000000,88.000000,1,100.000000,0.000000,89.000000,1
76,3,20355854,100,0.550000,431.000000,136.000000,36.000000,550.000000,1,100.000000,0.000000,36.000000,1,100.000000,0.000000,38.000000,1
77,1,20338511,103,0.550000,1004.000000,136.000000,32.038835,550.000000,1,106.000000,2.912621,550.000000,1,105.000000,1.941748,550.000000,1
77,2,20347687,103,0.550000,455.000000,138.000000,33.980583,550.000000,1,103.000000,0.000000,202.000000,1,103.000000,0.000000,210.000000,1
77,3,20356863,103,0.550000,427.000000,143.000000,38.834951,550.000000,1,103.000000,0.000000,267.000000,1,103.000000,0.000000,109.000000,1
81,1,20342547,101,0.550000,1013.000000,151.000000,49.504950,550.000000,1,101.000000,0.000000,294.000000,1,103.000000,1.980198,550.000000,1
81,2,20351723,101,0.550000,1013.000000,147.000000,45.544554,550.000000,1,101.000000,0.000000,299.000000,1,103.000000,1.980198,550.000000,1
81,3,20360899,101,0.550000,1013.000000,146.000000,44.554455,550.000000,1,101.000000,0.000000,301.000000,1,103.000000,1.980198,550.000000,1
82,1,20343556,100,0.550000,430.000000,131.000000,31.000000,550.000000,1,100.000000,0.000000,76.000000,1,100.000000,0.000000,77.000000,1
82,2,20352732,100,0.550000,471.000000,129.000000,29.000000,550.000000,1,100.000000,0.000000,31.000000,1,100.000000,0.000000,32.000000,1
82,3,20361908,100,0.550000,455.000000,129.000000,29.000000,550.000000,1,100.000000,0.000000,30.000000,1,100.000000,0.000000,31.000000,1
84,1,20345574,100,0.550000,453.000000,125.000000,25.000000,550.000000,1,100.000000,0.000000,32.000000,1,100.000000,0.000000,33.000000,1
84,2,20354750,100,0.550000,496.000000,123.000000,23.000000,550.000000,1,100.000000,0.000000,33.000000,1,100.000000,0.000000,33.000000,1
84,3,20363926,100,0.550000,451.000000,126.000000,26.000000,550.000000,1,100.000000,0.000000,41.000000,1,100.000000,0.000000,40.000000,1
85,1,20346583,101,0.550000,462.000000,131.000000,29.702970,550.000000,1,101.000000,0.000000,20.000000,1,101.000000,0.000000,21.000000,1
85,2,20355759,101,0.550000,441.000000,128.000000,26.732673,550.000000,1,101.000000,0.000000,46.000000,1,101.000000,0.000000,47.000000,1
85,3,20364935,101,0.550000,457.000000,129.000000,27.722772,550.000000,1,101.000000,0.000000,21.000000,1,101.000000,0.000000,21.000000,1
86,1,20347592,102,0.550000,438.000000,137.000000,34.313725,550.000000,1,102.000000,0.000000,38.000000,1,102.000000,0.000000,38.000000,1
86,2,20356768,102,0.550000,471.000000,137.000000,34.313725,550.000000,1,102.000000,0.000000,83.000000,1,102.000000,0.000000,85.000000,1
86,3,20365944,102,0.550000,426.000000,137.000000,34.313725,550.000000,1,102.000000,0.000000,47.000000,1,102.000000,0.000000,48.000000,1
87,1,20348601,101,0.550000,420.000000,132.000000,30.693069,550.000000,1,101.000000,0.000000,47.000000,1,101.000000,0.000000,48.000000,1
87,2,20357777,101,0.550000,479.000000,133.000000,31.683168,550.000000,1,101.000000,0.000000,50.000000,1,101.000000,0.000000,51.000000,1
87,3,20366953,101,0.550000,468.000000,137.000000,35.643564,550.000000,1,101.000000,0.000000,100.000000,1,101.000000,0.000000,89.000000,1
88,1,20349610,101,0.550000,447.000000,127.000000,25.742574,550.000000,1,101.000000,0.000000,124.000000,1,101.000000,0.000000,259.000000,1
88,2,20358786,101,0.550000,443.000000,129.000000,27.722772,550.000000,1,101.000000,0.000000,167.000000,1,101.000000,0.000000,172.000000,1
88,3,20367962,101,0.550000,452.000000,128.000000,26.732673,550.000000,1,101.000000,0.000000,89.000000,1,101.000000,0.000000,90.000000,1
89,1,20350619,101,0.550000,445.000000,128.000000,26.732673,550.000000,1,101.000000,0.000000,81.000000,1,101.000000,0.000000,41.000000,1
89,2,20359795,101,0.550000,492.000000,131.000000,29.702970,550.000000,1,101.000000,0.000000,47.000000,1,101.000000,0.000000,49.000000,1
89,3,20368971,101,0.550000,477.000000,128.000000,26.732673,550.000000,1,101.000000,0.000000,65.000000,1,101.000000,0.000000,68.000000,1
90,1,20351628,100,0.550000,492.000000,135.000000,35.000000,550.000000,1,100.000000,0.000000,108.000000,1,100.000000,0.000000,68.000000,1
90,2,20360804,100,0.550000,389.000000,135.000000,35.000000,550.000000,1,100.000000,0.000000,260.000000,1,100.000000,0.000000,196.000000,1
90,3,20369980,100,0.550000,495.000000,137.000000,37.000000,550.000000,1,100.000000,0.000000,142.000000,1,100.000000,0.000000,256.000000,1
95,1,20356673,100,0.550000,448.000000,138.000000,38.000000,550.000000,1,100.000000,0.000000,65.000000,1,100.000000,0.000000,22.000000,1
95,2,20365849,100,0.550000,1148.000000,136.000000,36.000000,550.000000,1,100.000000,0.000000,284.000000,1,100.000000,0.000000,291.000000,1
95,3,20375025,100,0.550000,466.000000,139.000000,39.000000,550.000000,1,100.000000,0.000000,78.000000,1,100.000000,0.000000,61.000000,1
98,1,20359700,101,0.550000,1021.000000,141.000000,39.603960,550.000000,1,102.000000,0.990099,550.000000,1,101.000000,0.000000,297.000000,1
98,2,20368876,101,0.550000,1021.000000,138.000000,36.633663,550.000000,1,102.000000,0.990099,550.000000,1,101.000000,0.000000,296.000000,1
98,3,20378052,101,0.550000,465.000000,135.000000,33.663366,550.000000,1,101.000000,0.000000,179.000000,1,101.000000,0.000000,285.000000,1
99,1,20360709,100,0.550000,470.000000,129.000000,29.000000,550.000000,1,100.000000,0.000000,82.000000,1,100.000000,0.000000,41.000000,1
99,2,20369885,100,0.550000,465.000000,129.000000,29.000000,550.000000,1,100.000000,0.000000,88.000000,1,100.000000,0.000000,92.000000,1
99,3,20379061,100,0.550000,434.000000,132.000000,32.000000,550.000000,1,100.000000,0.000000,56.000000,1,100.000000,0.000000,29.000000,1
100,1,20361718,101,0.550000,972.000000,206.000000,103.960396,550.000000,1,151.000000,49.504950,550.000000,1,153.000000,51.485149,550.000000,1
100,2,20370894,101,0.550000,972.000000,201.000000,99.009901,550.000000,1,151.000000,49.504950,550.000000,1,153.000000,51.485149,550.000000,1
100,3,20380070,101,0.550000,972.000000,193.000000,91.089109,550.000000,1,151.000000,49.504950,550.000000,1,153.000000,51.485149,550.000000,1
101,1,20362727,100,0.550000,1040.000000,166.000000,66.000000,550.000000,1,114.000000,14.000000,550.000000,1,115.000000,15.000000,550.000000,1
101,2,20371903,100,0.550000,1040.000000,160.000000,60.000000,550.000000,1,114.000000,14.000000,550.000000,1,115.000000,15.000000,550.000000,1
101,3,20381079,100,0.550000,1040.000000,160.000000,60.000000,550.000000,1,114.000000,14.000000,550.000000,1,115.000000,15.000000,550.000000,1
102,1,20363736,100,0.550000,1012.000000,143.000000,43.000000,550.000000,1,100.000000,0.000000,296.000000,1,100.000000,0.000000,333.000000,1
102,2,20372912,100,0.550000,1012.000000,139.000000,39.000000,550.000000,1,100.000000,0.000000,298.000000,1,100.000000,0.000000,334.000000,1
102,3,20382088,100,0.550000,1012.000000,139.000000,39.000000,550.000000,1,100.000000,0.000000,294.000000,1,100.000000,0.000000,323.000000,1
108,1,20369790,100,0.550000,473.000000,136.000000,36.000000,550.000000,1,100.000000,0.000000,96.000000,1,100.000000,0.000000,221.000000,1
108,2,20378966,100,0.550000,454.000000,131.000000,31.000000,550.000000,1,100.000000,0.000000,272.000000,1,100.000000,0.000000,104.000000,1
108,3,20388142,100,0.550000,436.000000,137.000000,37.000000,550.000000,1,100.000000,0.000000,67.000000,1,100.000000,0.000000,73.000000,1
109,1,20370799,101,0.550000,443.000000,135.000000,33.663366,550.000000,1,101.000000,0.000000,57.000000,1,101.000000,0.000000,15.000000,1
109,2,20379975,101,0.550000,481.000000,133.000000,31.683168,550.000000,1,101.000000,0.000000,37.000000,1,101.000000,0.000000,39.000000,1
109,3,20389151,101,0.550000,443.000000,129.000000,27.722772,550.000000,1,101.000000,0.000000,30.000000,1,101.000000,0.000000,31.000000,1
110,1,20371808,100,0.550000,423.000000,135.000000,35.000000,550.000000,1,100.000000,0.000000,86.000000,1,100.000000,0.000000,52.000000,1
110,2,20380984,100,0.550000,442.000000,137.000000,37.000000,550.000000,1,100.000000,0.000000,68.000000,1,100.000000,0.000000,70.000000,1
110,3,20390160,100,0.550000,454.000000,136.000000,36.000000,550.000000,1,100.000000,0.000000,40.000000,1,100.000000,0.000000,42.000000,1
111,1,20372817,100,0.550000,431.000000,132.000000,32.000000,550.000000,1,100.000000,0.000000,60.000000,1,100.000000,0.000000,62.000000,1
111,2,20381993,100,0.550000,464.000000,133.000000,33.000000,550.000000,1,100.000000,0.000000,50.000000,1,100.000000,0.000000,25.000000,1
111,3,20391169,100,0.550000,452.000000,133.000000,33.000000,550.000000,1,100.000000,0.000000,97.000000,1,100.000000,0.000000,80.000000,1
116,1,20377862,101,0.550000,452.000000,133.000000,31.683168,550.000000,1,101.000000,0.000000,30.000000,1,101.000000,0.000000,30.000000,1
116,2,20387038,101,0.550000,499.000000,137.000000,35.643564,550.000000,1,101.000000,0.000000,69.000000,1,101.000000,0.000000,70.000000,1
116,3,20396214,101,0.550000,456.000000,135.000000,33.663366,550.000000,1,101.000000,0.000000,22.000000,1,101.000000,0.000000,22.000000,1
119,1,20380889,100,0.550000,434.000000,139.000000,39.000000,550.000000,1,100.000000,0.000000,543.000000,1,100.000000,0.000000,39.000000,1
119,2,20390065,100,0.550000,410.000000,140.000000,40.000000,550.000000,1,100.000000,0.000000,76.000000,1,100.000000,0.000000,366.000000,1
119,3,20399241,100,0.550000,438.000000,142.000000,42.000000,550.000000,1,100.000000,0.000000,133.000000,1,100.000000,0.000000,89.000000,1
120,1,20381898,101,0.550000,460.000000,131.000000,29.702970,550.000000,1,101.000000,0.000000,68.000000,1,101.000000,0.000000,69.000000,1
120,2,20391074,101,0.550000,422.000000,129.000000,27.722772,550.000000,1,101.000000,0.000000,21.000000,1,101.000000,0.000000,23.000000,1
120,3,20400250,101,0.550000,433.000000,128.000000,26.732673,550.000000,1,101.000000,0.000000,81.000000,1,101.000000,0.000000,81.000000,1
121,1,20382907,100,0.550000,1145.000000,142.000000,42.000000,550.000000,1,102.000000,2.000000,550.000000,1,102.000000,2.000000,550.000000,1
121,2,20392083,100,0.550000,1145.000000,140.000000,40.000000,550.000000,1,102.000000,2.000000,550.000000,1,102.000000,2.000000,550.000000,1
121,3,20401259,100,0.550000,1145.000000,141.000000,41.000000,550.000000,1,102.000000,2.000000,550.000000,1,102.000000,2.000000,550.000000,1
122,1,20383916,100,0.550000,448.000000,139.000000,39.000000,550.000000,1,100.000000,0.000000,84.000000,1,100.000000,0.000000,67.000000,1
122,2,20393092,100,0.550000,437.000000,138.000000,38.000000,550.000000,1,100.000000,0.000000,184.000000,1,100.000000,0.000000,187.000000,1
122,3,20402268,100,0.550000,449.000000,140.000000,40.000000,550.000000,1,100.000000,0.000000,91.000000,1,100.000000,0.000000,93.000000,1
123,1,20384925,100,0.550000,455.000000,129.000000,29.000000,550.000000,1,100.000000,0.000000,53.000000,1,100.000000,0.000000,55.000000,1
123,2,20394101,100,0.550000,450.000000,125.000000,25.000000,550.000000,1,100.000000,0.000000,72.000000,1,100.000000,0.000000,74.000000,1
123,3,20403277,100,0.550000,419.000000,122.000000,22.000000,550.000000,1,100.000000,0.000000,49.000000,1,100.000000,0.000000,50.000000,1
124,1,20385934,102,0.550000,1046.000000,140.000000,37.254902,550.000000,1,105.000000,2.941176,550.000000,1,111.000000,8.823529,550.000000,1
124,2,20395110,102,0.550000,1046.000000,139.000000,36.274510,550.000000,1,105.000000,2.941176,550.000000,1,111.000000,8.823529,550.000000,1
124,3,20404286,102,0.550000,452.000000,139.000000,36.274510,550.000000,1,104.000000,1.960784,550.000000,1,102.000000,0.000000,273.000000,1
125,1,20386943,100,0.550000,473.000000,132.000000,32.000000,550.000000,1,100.000000,0.000000,277.000000,1,100.000000,0.000000,245.000000,1
125,2,20396119,100,0.550000,421.000000,131.000000,31.000000,550.000000,1,100.000000,0.000000,158.000000,1,100.000000,0.000000,162.000000,1
125,3,20405295,100,0.550000,459.000000,131.000000,31.000000,550.000000,1,100.000000,0.000000,119.000000,1,100.000000,0.000000,317.000000,1
127,1,20388961,100,0.550000,441.000000,137.000000,37.000000,550.000000,1,100.000000,0.000000,220.000000,1,100.000000,0.000000,212.000000,1
127,2,20398137,100,0.550000,1039.000000,131.000000,31.000000,550.000000,1,101.000000,1.000000,550.000000,1,100.000000,0.000000,329.000000,1
127,3,20407313,100,0.550000,1039.000000,132.000000,32.000000,550.000000,1,101.000000,1.000000,550.000000,1,100.000000,0.000000,329.000000,1
128,1,20389970,101,0.550000,1035.000000,161.000000,59.405941,550.000000,1,125.000000,23.762376,550.000000,1,129.000000,27.722772,550.000000,1
128,2,20399146,101,0.550000,1035.000000,175.000000,73.267327,550.000000,1,125.000000,23.762376,550.000000,1,129.000000,27.722772,550.000000,1
128,3,20408322,101,0.550000,1035.000000,178.000000,76.237624,550.000000,1,125.000000,23.762376,550.000000,1,129.000000,27.722772,550.000000,1
129,1,20390979,100,0.550000,1041.000000,166.000000,66.000000,550.000000,1,108.000000,8.000000,550.000000,1,122.000000,22.000000,550.000000,1
129,2,20400155,100,0.550000,1041.000000,161.000000,61.000000,550.000000,1,108.000000,8.000000,550.000000,1,122.000000,22.000000,550.000000,1
129,3,20409331,100,0.550000,1041.000000,165.000000,65.000000,550.000000,1,108.000000,8.000000,550.000000,1,122.000000,22.000000,550.000000,1
130,1,20391988,101,0.550000,424.000000,125.000000,23.762376,550.000000,1,101.000000,0.000000,42.000000,1,101.000000,0.000000,43.000000,1
130,2,20401164,101,0.550000,445.000000,128.000000,26.732673,550.000000,1,101.000000,0.000000,29.000000,1,101.000000,0.000000,29.000000,1
130,3,20410340,101,0.550000,450.000000,128.000000,26.732673,550.000000,1,101.000000,0.000000,28.000000,1,101.000000,0.000000,29.000000,1
131,1,20392997,100,0.550000,442.000000,126.000000,26.000000,550.000000,1,100.000000,0.000000,29.000000,1,100.000000,0.000000,30.000000,1
131,2,20402173,100,0.550000,457.000000,130.000000,30.000000,550.000000,1,100.000000,0.000000,29.000000,1,100.000000,0.000000,30.000000,1
131,3,20411349,100,0.550000,452.000000,128.000000,28.000000,550.000000,1,100.000000,0.000000,32.000000,1,100.000000,0.000000,33.000000,1
132,1,20394006,103,0.550000,491.000000,138.000000,33.980583,550.000000,1,103.000000,0.000000,54.000000,1,103.000000,0.000000,24.000000,1
132,2,20403182,103,0.550000,486.000000,137.000000,33.009709,550.000000,1,103.000000,0.000000,109.000000,1,103.000000,0.000000,83.000000,1
132,3,20412358,103,0.550000,457.000000,135.000000,31.067961,550.000000,1,103.000000,0.000000,96.000000,1,103.000000,0.000000,63.000000,1
134,1,20396024,101,0.550000,1036.000000,137.000000,35.643564,550.000000,1,101.000000,0.000000,278.000000,1,102.000000,0.990099,550.000000,1
134,2,20405200,101,0.550000,432.000000,134.000000,32.673267,550.000000,1,101.000000,0.000000,87.000000,1,101.000000,0.000000,221.000000,1
134,3,20414376,101,0.550000,508.000000,133.000000,31.683168,550.000000,1,101.000000,0.000000,97.000000,1,101.000000,0.000000,116.000000,1
135,1,20397033,100,0.550000,425.000000,130.000000,30.000000,550.000000,1,100.000000,0.000000,67.000000,1,100.000000,0.000000,67.000000,1
135,2,20406209,100,0.550000,466.000000,129.000000,29.000000,550.000000,1,100.000000,0.000000,91.000000,1,100.000000,0.000000,91.000000,1
135,3,20415385,100,0.550000,494.000000,130.000000,30.000000,550.000000,1,100.000000,0.000000,114.000000,1,100.000000,0.000000,111.000000,1
137,1,20399051,101,0.550000,411.000000,140.000000,38.613861,550.000000,1,101.000000,0.000000,72.000000,1,101.000000,0.000000,77.000000,1
137,2,20408227,101,0.550000,435.000000,143.000000,41.584158,550.000000,1,101.000000,0.000000,67.000000,1,101.000000,0.000000,79.000000,1
137,3,20417403,101,0.550000,436.000000,137.000000,35.643564,550.000000,1,101.000000,0.000000,46.000000,1,101.000000,0.000000,91.000000,1
138,1,20400060,100,0.550000,442.000000,123.000000,23.000000,550.000000,1,100.000000,0.000000,49.000000,1,100.000000,0.000000,31.000000,1
138,2,20409236,100,0.550000,421.000000,126.000000,26.000000,550.000000,1,100.000000,0.000000,55.000000,1,100.000000,0.000000,57.000000,1
138,3,20418412,100,0.550000,422.000000,127.000000,27.000000,550.000000,1,100.000000,0.000000,22.000000,1,100.000000,0.000000,23.000000,1
141,1,20403087,101,0.550000,471.000000,133.000000,31.683168,550.000000,1,101.000000,0.000000,47.000000,1,101.000000,0.000000,48.000000,1
141,2,20412263,101,0.550000,469.000000,132.000000,30.693069,550.000000,1,101.000000,0.000000,22.000000,1,101.000000,0.000000,23.000000,1
141,3,20421439,101,0.550000,460.000000,132.000000,30.693069,550.000000,1,101.000000,0.000000,22.000000,1,101.000000,0.000000,23.000000,1
142,1,20404096,100,0.550000,470.000000,134.000000,34.000000,550.000000,1,100.000000,0.000000,106.000000,1,100.000000,0.000000,25.000000,1
142,2,20413272,100,0.550000,441.000000,131.000000,31.000000,550.000000,1,100.000000,0.000000,23.000000,1,100.000000,0.000000,25.000000,1
142,3,20422448,100,0.550000,445.000000,133.000000,33.000000,550.000000,1,100.000000,0.000000,33.000000,1,100.000000,0.000000,34.000000,1
143,1,20405105,100,0.550000,491.000000,130.000000,30.000000,550.000000,1,100.000000,0.000000,174.000000,1,100.000000,0.000000,186.000000,1
143,2,20414281,100,0.550000,437.000000,140.000000,40.000000,550.000000,1,100.000000,0.000000,438.000000,1,100.000000,0.000000,227.000000,1
143,3,20423457,100,0.550000,420.000000,135.000000,35.000000,550.000000,1,100.000000,0.000000,197.000000,1,100.000000,0.000000,200.000000,1
144,1,20406114,101,0.550000,446.000000,129.000000,27.722772,550.000000,1,101.000000,0.000000,28.000000,1,101.000000,0.000000,28.000000,1
144,2,20415290,101,0.550000,466.000000,128.000000,26.732673,550.000000,1,101.000000,0.000000,83.000000,1,101.000000,0.000000,84.000000,1
144,3,20424466,101,0.550000,446.000000,128.000000,26.732673,550.000000,1,101.000000,0.000000,30.000000,1,101.000000,0.000000,30.000000,1
145,1,20407123,101,0.550000,465.000000,131.000000,29.702970,550.000000,1,101.000000,0.000000,24.000000,1,101.000000,0.000000,24.000000,1
145,2,20416299,101,0.550000,459.000000,132.000000,30.693069,550.000000,1,101.000000,0.000000,22.000000,1,101.000000,0.000000,22.000000,1
145,3,20425475,101,0.550000,423.000000,137.000000,35.643564,550.000000,1,101.000000,0.000000,58.000000,1,101.000000,0.000000,60.000000,1
146,1,20408132,100,0.550000,981.000000,146.000000,46.000000,550.000000,1,100.000000,0.000000,210.000000,1,100.000000,0.000000,461.000000,1
146,2,20417308,100,0.550000,981.000000,151.000000,51.000000,550.000000,1,100.000000,0.000000,211.000000,1,100.000000,0.000000,456.000000,1
146,3,20426484,100,0.550000,981.000000,149.000000,49.000000,550.000000,1,100.000000,0.000000,211.000000,1,100.000000,0.000000,456.000000,1
147,1,20409141,100,0.550000,1083.000000,170.000000,70.000000,550.000000,1,129.000000,29.000000,550.000000,1,129.000000,29.000000,550.000000,1
147,2,20418317,100,0.550000,1083.000000,170.000000,70.000000,550.000000,1,129.000000,29.000000,550.000000,1,129.000000,29.000000,550.000000,1
147,3,20427493,100,0.550000,1083.000000,168.000000,68.000000,550.000000,1,129.000000,29.000000,550.000000,1,129.000000,29.000000,550.000000,1
148,1,20410150,101,0.550000,458.000000,132.000000,30.693069,550.000000,1,101.000000,0.000000,21.000000,1,101.000000,0.000000,22.000000,1
148,2,20419326,101,0.550000,429.000000,133.000000,31.683168,550.000000,1,101.000000,0.000000,21.000000,1,101.000000,0.000000,21.000000,1
148,3,20428502,101,0.550000,450.000000,132.000000,30.693069,550.000000,1,101.000000,0.000000,29.000000,1,101.000000,0.000000,29.000000,1
149,1,20411159,100,0.550000,484.000000,123.000000,23.000000,550.000000,1,100.000000,0.000000,29.000000,1,100.000000,0.000000,29.000000,1
149,2,20420335,100,0.550000,459.000000,123.000000,23.000000,550.000000,1,100.000000,0.000000,31.000000,1,100.000000,0.000000,31.000000,1
149,3,20429511,100,0.550000,437.000000,126.000000,26.000000,550.000000,1,100.000000,0.000000,30.000000,1,100.000000,0.000000,31.000000,1
150,1,20412168,100,0.550000,433.000000,140.000000,40.000000,550.000000,1,100.000000,0.000000,88.000000,1,100.000000,0.000000,187.000000,1
150,2,20421344,100,0.550000,457.000000,140.000000,40.000000,550.000000,1,101.000000,1.000000,550.000000,1,101.000000,1.000000,550.000000,1
150,3,20430520,100,0.550000,439.000000,137.000000,37.000000,550.000000,1,100.000000,0.000000,163.000000,1,100.000000,0.000000,157.000000,1
