instance,optimum,best_fit,after_initial_local,after_initial_oscillation,local_gain,oscillation_gain,direct_gls_gain,final_mean,gap_percent,mean_gls_calls
1,100,107.000,107.000,106.000,0.000,6.333,0.000,100.667,0.667,0.000
5,100,124.000,121.000,119.000,3.000,15.000,0.333,105.667,5.667,6.333
7,100,108.000,108.000,106.000,0.000,5.667,0.000,102.333,2.333,0.000
8,101,103.000,103.000,103.000,0.000,2.000,0.000,101.000,0.000,0.000
11,100,144.000,144.000,144.000,0.333,34.667,0.667,108.333,8.333,9.667
13,101,104.000,104.000,104.000,0.000,3.000,0.000,101.000,0.000,0.000
14,101,105.000,105.000,104.000,0.000,3.333,0.000,101.667,0.660,0.000
15,100,106.000,106.000,106.000,0.000,5.333,0.000,100.667,0.667,0.000
17,100,113.000,111.000,104.000,2.000,10.333,0.000,100.667,0.667,0.000
19,102,112.000,111.000,109.000,1.000,5.667,0.000,105.333,3.268,0.000
21,101,103.000,103.000,103.000,0.000,2.000,0.000,101.000,0.000,0.000
22,101,104.000,104.000,104.000,0.000,2.667,0.000,101.333,0.330,0.000
23,100,106.000,106.000,104.000,0.000,5.667,0.000,100.333,0.333,0.000
24,102,120.000,120.000,117.000,0.000,12.333,0.000,107.667,5.556,0.000
25,103,105.000,104.000,104.000,1.000,1.000,0.000,103.000,0.000,0.000
28,102,170.000,158.000,155.000,12.000,32.000,4.667,121.333,18.954,18.667
29,101,109.000,109.000,108.000,0.000,6.667,0.000,102.333,1.320,0.000
30,102,102.000,102.000,102.000,0.000,0.000,0.000,102.000,0.000,0.000
31,100,100.000,100.000,100.000,0.000,0.000,0.000,100.000,0.000,0.000
33,100,111.000,111.000,109.000,0.000,11.000,0.000,100.000,0.000,0.000
35,101,112.000,111.000,111.000,1.000,5.667,0.000,105.333,4.290,0.000
40,101,153.000,148.667,143.667,4.333,40.333,0.000,108.333,7.261,0.000
41,101,101.000,101.000,101.000,0.000,0.000,0.000,101.000,0.000,0.000
42,100,105.000,105.000,104.000,0.000,3.667,0.000,101.333,1.333,0.000
43,100,113.000,111.000,107.000,2.000,8.333,0.000,102.667,2.667,0.000
44,101,108.000,108.000,108.000,0.000,4.667,0.000,103.333,2.310,0.000
45,100,104.000,104.000,102.000,0.000,4.000,0.000,100.000,0.000,0.000
47,100,108.000,105.000,104.000,3.000,5.000,0.000,100.000,0.000,0.000
48,101,101.000,101.000,101.000,0.000,0.000,0.000,101.000,0.000,0.000
50,100,113.000,113.000,108.000,0.000,12.000,0.000,101.000,1.000,0.000
51,100,100.000,100.000,100.000,0.000,0.000,0.000,100.000,0.000,0.000
52,101,102.000,102.000,102.000,0.000,1.000,0.000,101.000,0.000,0.000
54,100,101.000,100.000,100.000,1.000,0.000,0.000,100.000,0.000,0.000
56,101,105.000,105.000,103.000,0.000,3.667,0.000,101.333,0.330,0.000
57,100,100.000,100.000,100.000,0.000,0.000,0.000,100.000,0.000,0.000
58,100,101.000,101.000,100.000,0.000,1.000,0.000,100.000,0.000,0.000
60,100,112.000,111.000,105.000,1.000,11.000,0.000,100.000,0.000,1.000
61,101,112.000,112.000,109.000,0.000,9.000,0.000,103.000,1.980,0.000
63,100,106.000,104.000,104.000,2.000,4.000,0.000,100.000,0.000,0.000
64,100,107.000,107.000,101.000,0.000,7.000,0.000,100.000,0.000,0.000
65,100,116.000,115.000,114.000,1.000,11.000,0.000,104.000,4.000,0.000
67,100,102.000,102.000,101.000,0.000,2.000,0.000,100.000,0.000,0.000
73,102,115.000,115.000,112.000,0.000,10.333,0.000,104.667,2.614,0.000
74,100,101.000,101.000,100.000,0.000,1.000,0.000,100.000,0.000,0.000
75,100,100.000,100.000,100.000,0.000,0.000,0.000,100.000,0.000,0.000
76,100,109.000,109.000,108.000,0.000,7.667,0.000,101.333,1.333,0.000
77,103,108.000,108.000,108.000,0.000,4.667,0.000,103.333,0.324,0.000
81,101,112.000,112.000,112.000,0.000,6.000,0.000,106.000,4.950,0.000
82,100,100.000,100.000,100.000,0.000,0.000,0.000,100.000,0.000,0.000
84,100,100.000,100.000,100.000,0.000,0.000,0.000,100.000,0.000,0.000
85,101,102.000,102.000,102.000,0.000,1.000,0.000,101.000,0.000,0.000
86,102,105.000,105.000,104.000,0.000,3.000,0.000,102.000,0.000,0.000
87,101,107.000,107.000,104.000,0.000,6.000,0.000,101.000,0.000,0.000
88,101,103.000,103.000,102.000,0.000,2.000,0.000,101.000,0.000,0.000
89,101,104.000,104.000,104.000,0.000,3.000,0.000,101.000,0.000,0.000
90,100,111.000,110.000,110.000,1.000,9.000,0.000,101.000,1.000,0.000
95,100,106.000,106.000,106.000,0.000,6.000,0.000,100.000,0.000,0.000
98,101,119.000,119.000,112.000,0.000,15.000,0.000,104.000,2.970,0.000
99,100,103.000,102.000,101.000,1.000,2.000,0.000,100.000,0.000,0.000
100,101,182.000,176.000,161.000,8.333,46.333,5.000,122.333,21.122,17.333
101,100,147.000,147.000,147.000,0.000,38.667,2.000,106.333,6.333,14.333
102,100,109.000,109.000,104.000,0.000,5.667,0.000,103.333,3.333,0.000
108,100,116.000,114.000,110.000,2.000,12.667,0.000,101.333,1.333,0.000
109,101,101.000,101.000,101.000,0.000,0.000,0.000,101.000,0.000,0.000
110,100,106.000,106.000,103.000,0.000,6.000,0.000,100.000,0.000,0.000
111,100,113.000,113.000,109.000,0.000,13.000,0.000,100.000,0.000,0.000
116,101,102.000,102.000,102.000,0.000,1.000,0.000,101.000,0.000,0.000
119,100,120.000,120.000,118.000,0.000,17.000,0.000,103.000,3.000,0.000
120,101,103.000,103.000,103.000,0.000,2.000,0.000,101.000,0.000,0.000
121,100,117.000,115.000,113.000,2.000,13.333,0.000,101.667,1.667,0.000
122,100,111.000,111.000,111.000,0.000,11.000,0.000,100.000,0.000,0.000
123,100,100.000,100.000,100.000,0.000,0.000,0.000,100.000,0.000,0.000
124,102,125.000,124.000,115.000,1.000,19.000,0.000,105.000,2.941,0.000
125,100,115.000,115.000,113.000,0.000,10.667,0.000,104.333,4.333,0.000
127,100,111.000,111.000,106.000,0.000,9.000,0.000,102.000,2.000,0.000
128,101,147.000,144.000,136.000,3.000,25.333,0.000,118.667,17.492,7.667
129,100,159.000,148.333,145.000,10.667,40.667,0.000,107.667,7.667,8.667
130,101,101.000,101.000,101.000,0.000,0.000,0.000,101.000,0.000,0.000
131,100,100.000,100.000,100.000,0.000,0.000,0.000,100.000,0.000,0.000
132,103,107.000,107.000,105.000,0.000,4.000,0.000,103.000,0.000,0.000
134,101,116.000,115.000,106.000,1.000,13.000,0.000,102.000,0.990,0.000
135,100,105.000,105.000,102.000,0.000,4.667,0.000,100.333,0.333,0.000
137,101,111.000,110.000,106.000,1.000,7.333,0.000,102.667,1.650,0.000
138,100,103.000,103.000,103.000,0.000,3.000,0.000,100.000,0.000,0.000
141,101,101.000,101.000,101.000,0.000,0.000,0.000,101.000,0.000,0.000
142,100,109.000,109.000,109.000,0.000,7.333,0.000,101.667,1.667,0.000
143,100,110.000,110.000,106.000,0.000,8.667,0.000,101.333,1.333,0.000
144,101,101.000,101.000,101.000,0.000,0.000,0.000,101.000,0.000,0.000
145,101,102.000,102.000,102.000,0.000,1.000,0.000,101.000,0.000,0.000
146,100,120.000,120.000,114.000,0.000,14.000,0.000,106.000,6.000,0.000
147,100,140.000,140.000,135.000,0.000,33.333,0.000,106.667,6.667,14.667
148,101,101.000,101.000,101.000,0.000,0.000,0.000,101.000,0.000,0.000
149,100,100.000,100.000,100.000,0.000,0.000,0.000,100.000,0.000,0.000
150,100,115.000,115.000,115.000,0.000,10.333,0.000,104.667,4.667,0.000
