instance,repetition,seed,optimum,budget_seconds,probability_beta,initial_cost,strict_cost,strict_gap_pct,strict_time_ms,strict_feasible,soft_cost,soft_gap_pct,soft_time_ms,soft_feasible,evaluated_infeasible,accepted_infeasible,recoveries,max_accepted_excess
1,1,20261827,100,0.550000000,0.050000000,421.000000000,102.000000000,2.000000000,550.000000000,1,102.000000000,2.000000000,550.000000000,1,0,0,0,0.000000000
1,2,20271003,100,0.550000000,0.050000000,451.000000000,100.000000000,0.000000000,550.000000000,1,103.000000000,3.000000000,550.000000000,1,0,0,0,0.000000000
1,3,20280179,100,0.550000000,0.050000000,426.000000000,101.000000000,1.000000000,550.000000000,1,102.000000000,2.000000000,550.000000000,1,0,0,0,0.000000000
5,1,20265863,100,0.550000000,0.050000000,1045.000000000,107.000000000,7.000000000,550.000000000,1,114.000000000,14.000000000,550.000000000,1,0,0,0,0.000000000
5,2,20275039,100,0.550000000,0.050000000,1045.000000000,107.000000000,7.000000000,550.000000000,1,114.000000000,14.000000000,550.000000000,1,0,0,0,0.000000000
5,3,20284215,100,0.550000000,0.050000000,1045.000000000,107.000000000,7.000000000,550.000000000,1,114.000000000,14.000000000,550.000000000,1,0,0,0,0.000000000
7,1,20267881,100,0.550000000,0.050000000,419.000000000,101.000000000,1.000000000,550.000000000,1,105.000000000,5.000000000,550.000000000,1,0,0,0,0.000000000
7,2,20277057,100,0.550000000,0.050000000,415.000000000,100.000000000,0.000000000,550.000000000,1,103.000000000,3.000000000,550.000000000,1,0,0,0,0.000000000
7,3,20286233,100,0.550000000,0.050000000,435.000000000,100.000000000,0.000000000,550.000000000,1,101.000000000,1.000000000,550.000000000,1,0,0,0,0.000000000
8,1,20268890,101,0.550000000,0.050000000,420.000000000,101.000000000,0.000000000,550.000000000,1,101.000000000,0.000000000,550.000000000,1,0,0,0,0.000000000
8,2,20278066,101,0.550000000,0.050000000,462.000000000,101.000000000,0.000000000,550.000000000,1,101.000000000,0.000000000,550.000000000,1,0,0,0,0.000000000
8,3,20287242,101,0.550000000,0.050000000,459.000000000,101.000000000,0.000000000,550.000000000,1,102.000000000,0.990099010,550.000000000,1,0,0,0,0.000000000
11,1,20271917,100,0.550000000,0.050000000,1131.000000000,107.000000000,7.000000000,550.000000000,1,114.000000000,14.000000000,550.000000000,1,0,0,0,0.000000000
11,2,20281093,100,0.550000000,0.050000000,1131.000000000,107.000000000,7.000000000,550.000000000,1,114.000000000,14.000000000,550.000000000,1,0,0,0,0.000000000
11,3,20290269,100,0.550000000,0.050000000,1131.000000000,107.000000000,7.000000000,550.000000000,1,114.000000000,14.000000000,550.000000000,1,0,0,0,0.000000000
13,1,20273935,101,0.550000000,0.050000000,474.000000000,101.000000000,0.000000000,550.000000000,1,102.000000000,0.990099010,550.000000000,1,0,0,0,0.000000000
13,2,20283111,101,0.550000000,0.050000000,464.000000000,101.000000000,0.000000000,550.000000000,1,102.000000000,0.990099010,550.000000000,1,0,0,0,0.000000000
13,3,20292287,101,0.550000000,0.050000000,447.000000000,101.000000000,0.000000000,550.000000000,1,102.000000000,0.990099010,550.000000000,1,0,0,0,0.000000000
14,1,20274944,101,0.550000000,0.050000000,451.000000000,101.000000000,0.000000000,550.000000000,1,102.000000000,0.990099010,550.000000000,1,0,0,0,0.000000000
14,2,20284120,101,0.550000000,0.050000000,484.000000000,101.000000000,0.000000000,550.000000000,1,102.000000000,0.990099010,550.000000000,1,0,0,0,0.000000000
14,3,20293296,101,0.550000000,0.050000000,432.000000000,103.000000000,1.980198020,550.000000000,1,105.000000000,3.960396040,550.000000000,1,0,0,0,0.000000000
15,1,20275953,100,0.550000000,0.050000000,433.000000000,100.000000000,0.000000000,550.000000000,1,104.000000000,4.000000000,550.000000000,1,0,0,0,0.000000000
15,2,20285129,100,0.550000000,0.050000000,988.000000000,100.000000000,0.000000000,550.000000000,1,107.000000000,7.000000000,550.000000000,1,0,0,0,0.000000000
15,3,20294305,100,0.550000000,0.050000000,415.000000000,100.000000000,0.000000000,550.000000000,1,104.000000000,4.000000000,550.000000000,1,0,0,0,0.000000000
17,1,20277971,100,0.550000000,0.050000000,457.000000000,100.000000000,0.000000000,550.000000000,1,100.000000000,0.000000000,550.000000000,1,0,0,0,0.000000000
17,2,20287147,100,0.550000000,0.050000000,465.000000000,100.000000000,0.000000000,550.000000000,1,102.000000000,2.000000000,550.000000000,1,0,0,0,0.000000000
17,3,20296323,100,0.550000000,0.050000000,1102.000000000,100.000000000,0.000000000,550.000000000,1,105.000000000,5.000000000,550.000000000,1,0,0,0,0.000000000
19,1,20279989,102,0.550000000,0.050000000,491.000000000,104.000000000,1.960784314,550.000000000,1,106.000000000,3.921568627,550.000000000,1,0,0,0,0.000000000
19,2,20289165,102,0.550000000,0.050000000,450.000000000,104.000000000,1.960784314,550.000000000,1,111.000000000,8.823529412,550.000000000,1,0,0,0,0.000000000
19,3,20298341,102,0.550000000,0.050000000,461.000000000,104.000000000,1.960784314,550.000000000,1,114.000000000,11.764705882,550.000000000,1,0,0,0,0.000000000
21,1,20282007,101,0.550000000,0.050000000,448.000000000,101.000000000,0.000000000,550.000000000,1,101.000000000,0.000000000,550.000000000,1,0,0,0,0.000000000
21,2,20291183,101,0.550000000,0.050000000,443.000000000,101.000000000,0.000000000,550.000000000,1,101.000000000,0.000000000,550.000000000,1,0,0,0,0.000000000
21,3,20300359,101,0.550000000,0.050000000,428.000000000,101.000000000,0.000000000,550.000000000,1,102.000000000,0.990099010,550.000000000,1,0,0,0,0.000000000
22,1,20283016,101,0.550000000,0.050000000,416.000000000,101.000000000,0.000000000,550.000000000,1,101.000000000,0.000000000,550.000000000,1,0,0,0,0.000000000
22,2,20292192,101,0.550000000,0.050000000,429.000000000,101.000000000,0.000000000,550.000000000,1,101.000000000,0.000000000,550.000000000,1,0,0,0,0.000000000
22,3,20301368,101,0.550000000,0.050000000,440.000000000,101.000000000,0.000000000,550.000000000,1,101.000000000,0.000000000,550.000000000,1,0,0,0,0.000000000
23,1,20284025,100,0.550000000,0.050000000,450.000000000,102.000000000,2.000000000,550.000000000,1,102.000000000,2.000000000,550.000000000,1,0,0,0,0.000000000
23,2,20293201,100,0.550000000,0.050000000,471.000000000,100.000000000,0.000000000,550.000000000,1,103.000000000,3.000000000,550.000000000,1,0,0,0,0.000000000
23,3,20302377,100,0.550000000,0.050000000,441.000000000,100.000000000,0.000000000,550.000000000,1,102.000000000,2.000000000,550.000000000,1,0,0,0,0.000000000
24,1,20285034,102,0.550000000,0.050000000,1062.000000000,103.000000000,0.980392157,550.000000000,1,106.000000000,3.921568627,550.000000000,1,0,0,0,0.000000000
24,2,20294210,102,0.550000000,0.050000000,1062.000000000,103.000000000,0.980392157,550.000000000,1,106.000000000,3.921568627,550.000000000,1,0,0,0,0.000000000
24,3,20303386,102,0.550000000,0.050000000,1062.000000000,103.000000000,0.980392157,550.000000000,1,106.000000000,3.921568627,550.000000000,1,0,0,0,0.000000000
25,1,20286043,103,0.550000000,0.050000000,445.000000000,103.000000000,0.000000000,550.000000000,1,105.000000000,1.941747573,550.000000000,1,0,0,0,0.000000000
25,2,20295219,103,0.550000000,0.050000000,425.000000000,103.000000000,0.000000000,550.000000000,1,104.000000000,0.970873786,550.000000000,1,0,0,0,0.000000000
25,3,20304395,103,0.550000000,0.050000000,443.000000000,103.000000000,0.000000000,550.000000000,1,106.000000000,2.912621359,550.000000000,1,0,0,0,0.000000000
28,1,20289070,102,0.550000000,0.050000000,1085.000000000,126.000000000,23.529411765,550.000000000,1,153.000000000,50.000000000,550.000000000,1,0,0,0,0.000000000
28,2,20298246,102,0.550000000,0.050000000,1085.000000000,126.000000000,23.529411765,550.000000000,1,153.000000000,50.000000000,550.000000000,1,0,0,0,0.000000000
28,3,20307422,102,0.550000000,0.050000000,1085.000000000,126.000000000,23.529411765,550.000000000,1,153.000000000,50.000000000,550.000000000,1,0,0,0,0.000000000
29,1,20290079,101,0.550000000,0.050000000,434.000000000,101.000000000,0.000000000,550.000000000,1,101.000000000,0.000000000,550.000000000,1,0,0,0,0.000000000
29,2,20299255,101,0.550000000,0.050000000,452.000000000,102.000000000,0.990099010,550.000000000,1,105.000000000,3.960396040,550.000000000,1,0,0,0,0.000000000
29,3,20308431,101,0.550000000,0.050000000,460.000000000,101.000000000,0.000000000,550.000000000,1,105.000000000,3.960396040,550.000000000,1,0,0,0,0.000000000
30,1,20291088,102,0.550000000,0.050000000,436.000000000,102.000000000,0.000000000,550.000000000,1,102.000000000,0.000000000,550.000000000,1,0,0,0,0.000000000
30,2,20300264,102,0.550000000,0.050000000,440.000000000,102.000000000,0.000000000,550.000000000,1,102.000000000,0.000000000,550.000000000,1,0,0,0,0.000000000
30,3,20309440,102,0.550000000,0.050000000,499.000000000,102.000000000,0.000000000,550.000000000,1,102.000000000,0.000000000,550.000000000,1,0,0,0,0.000000000
31,1,20292097,100,0.550000000,0.050000000,447.000000000,100.000000000,0.000000000,550.000000000,1,100.000000000,0.000000000,550.000000000,1,0,0,0,0.000000000
31,2,20301273,100,0.550000000,0.050000000,434.000000000,100.000000000,0.000000000,550.000000000,1,100.000000000,0.000000000,550.000000000,1,0,0,0,0.000000000
31,3,20310449,100,0.550000000,0.050000000,454.000000000,100.000000000,0.000000000,550.000000000,1,100.000000000,0.000000000,550.000000000,1,0,0,0,0.000000000
33,1,20294115,100,0.550000000,0.050000000,444.000000000,100.000000000,0.000000000,550.000000000,1,101.000000000,1.000000000,550.000000000,1,0,0,0,0.000000000
33,2,20303291,100,0.550000000,0.050000000,424.000000000,100.000000000,0.000000000,550.000000000,1,102.000000000,2.000000000,550.000000000,1,0,0,0,0.000000000
33,3,20312467,100,0.550000000,0.050000000,507.000000000,100.000000000,0.000000000,550.000000000,1,102.000000000,2.000000000,550.000000000,1,0,0,0,0.000000000
35,1,20296133,101,0.550000000,0.050000000,430.000000000,102.000000000,0.990099010,550.000000000,1,106.000000000,4.950495050,550.000000000,1,0,0,0,0.000000000
35,2,20305309,101,0.550000000,0.050000000,440.000000000,102.000000000,0.990099010,550.000000000,1,108.000000000,6.930693069,550.000000000,1,0,0,0,0.000000000
35,3,20314485,101,0.550000000,0.050000000,452.000000000,101.000000000,0.000000000,550.000000000,1,106.000000000,4.950495050,550.000000000,1,0,0,0,0.000000000
40,1,20301178,101,0.550000000,0.050000000,1081.000000000,107.000000000,5.940594059,550.000000000,1,117.000000000,15.841584158,550.000000000,1,0,0,0,0.000000000
40,2,20310354,101,0.550000000,0.050000000,1081.000000000,107.000000000,5.940594059,550.000000000,1,117.000000000,15.841584158,550.000000000,1,0,0,0,0.000000000
40,3,20319530,101,0.550000000,0.050000000,1081.000000000,107.000000000,5.940594059,550.000000000,1,117.000000000,15.841584158,550.000000000,1,0,0,0,0.000000000
41,1,20302187,101,0.550000000,0.050000000,414.000000000,101.000000000,0.000000000,550.000000000,1,101.000000000,0.000000000,550.000000000,1,0,0,0,0.000000000
41,2,20311363,101,0.550000000,0.050000000,466.000000000,101.000000000,0.000000000,550.000000000,1,101.000000000,0.000000000,550.000000000,1,0,0,0,0.000000000
41,3,20320539,101,0.550000000,0.050000000,451.000000000,101.000000000,0.000000000,550.000000000,1,101.000000000,0.000000000,550.000000000,1,0,0,0,0.000000000
42,1,20303196,100,0.550000000,0.050000000,463.000000000,101.000000000,1.000000000,550.000000000,1,104.000000000,4.000000000,550.000000000,1,0,0,0,0.000000000
42,2,20312372,100,0.550000000,0.050000000,403.000000000,102.000000000,2.000000000,550.000000000,1,103.000000000,3.000000000,550.000000000,1,0,0,0,0.000000000
42,3,20321548,100,0.550000000,0.050000000,483.000000000,101.000000000,1.000000000,550.000000000,1,106.000000000,6.000000000,550.000000000,1,0,0,0,0.000000000
43,1,20304205,100,0.550000000,0.050000000,415.000000000,100.000000000,0.000000000,550.000000000,1,100.000000000,0.000000000,550.000000000,1,0,0,0,0.000000000
43,2,20313381,100,0.550000000,0.050000000,453.000000000,101.000000000,1.000000000,550.000000000,1,104.000000000,4.000000000,550.000000000,1,0,0,0,0.000000000
43,3,20322557,100,0.550000000,0.050000000,1013.000000000,103.000000000,3.000000000,550.000000000,1,108.000000000,8.000000000,550.000000000,1,0,0,0,0.000000000
44,1,20305214,101,0.550000000,0.050000000,447.000000000,101.000000000,0.000000000,550.000000000,1,103.000000000,1.980198020,550.000000000,1,0,0,0,0.000000000
44,2,20314390,101,0.550000000,0.050000000,413.000000000,105.000000000,3.960396040,550.000000000,1,105.000000000,3.960396040,550.000000000,1,0,0,0,0.000000000
44,3,20323566,101,0.550000000,0.050000000,428.000000000,103.000000000,1.980198020,550.000000000,1,103.000000000,1.980198020,550.000000000,1,0,0,0,0.000000000
45,1,20306223,100,0.550000000,0.050000000,437.000000000,100.000000000,0.000000000,550.000000000,1,100.000000000,0.000000000,550.000000000,1,0,0,0,0.000000000
45,2,20315399,100,0.550000000,0.050000000,471.000000000,100.000000000,0.000000000,550.000000000,1,100.000000000,0.000000000,550.000000000,1,0,0,0,0.000000000
45,3,20324575,100,0.550000000,0.050000000,508.000000000,100.000000000,0.000000000,550.000000000,1,100.000000000,0.000000000,550.000000000,1,0,0,0,0.000000000
47,1,20308241,100,0.550000000,0.050000000,428.000000000,100.000000000,0.000000000,550.000000000,1,100.000000000,0.000000000,550.000000000,1,0,0,0,0.000000000
47,2,20317417,100,0.550000000,0.050000000,441.000000000,100.000000000,0.000000000,550.000000000,1,101.000000000,1.000000000,550.000000000,1,0,0,0,0.000000000
47,3,20326593,100,0.550000000,0.050000000,449.000000000,100.000000000,0.000000000,550.000000000,1,101.000000000,1.000000000,550.000000000,1,0,0,0,0.000000000
48,1,20309250,101,0.550000000,0.050000000,494.000000000,101.000000000,0.000000000,550.000000000,1,101.000000000,0.000000000,550.000000000,1,0,0,0,0.000000000
48,2,20318426,101,0.550000000,0.050000000,434.000000000,101.000000000,0.000000000,550.000000000,1,101.000000000,0.000000000,550.000000000,1,0,0,0,0.000000000
48,3,20327602,101,0.550000000,0.050000000,403.000000000,101.000000000,0.000000000,550.000000000,1,101.000000000,0.000000000,550.000000000,1,0,0,0,0.000000000
50,1,20311268,100,0.550000000,0.050000000,477.000000000,100.000000000,0.000000000,550.000000000,1,104.000000000,4.000000000,550.000000000,1,0,0,0,0.000000000
50,2,20320444,100,0.550000000,0.050000000,467.000000000,101.000000000,1.000000000,550.000000000,1,103.000000000,3.000000000,550.000000000,1,0,0,0,0.000000000
50,3,20329620,100,0.550000000,0.050000000,461.000000000,101.000000000,1.000000000,550.000000000,1,101.000000000,1.000000000,550.000000000,1,0,0,0,0.000000000
51,1,20312277,100,0.550000000,0.050000000,480.000000000,100.000000000,0.000000000,550.000000000,1,100.000000000,0.000000000,550.000000000,1,0,0,0,0.000000000
51,2,20321453,100,0.550000000,0.050000000,431.000000000,100.000000000,0.000000000,550.000000000,1,100.000000000,0.000000000,550.000000000,1,0,0,0,0.000000000
51,3,20330629,100,0.550000000,0.050000000,424.000000000,100.000000000,0.000000000,550.000000000,1,100.000000000,0.000000000,550.000000000,1,0,0,0,0.000000000
52,1,20313286,101,0.550000000,0.050000000,469.000000000,101.000000000,0.000000000,550.000000000,1,101.000000000,0.000000000,550.000000000,1,0,0,0,0.000000000
52,2,20322462,101,0.550000000,0.050000000,429.000000000,101.000000000,0.000000000,550.000000000,1,101.000000000,0.000000000,550.000000000,1,0,0,0,0.000000000
52,3,20331638,101,0.550000000,0.050000000,473.000000000,101.000000000,0.000000000,550.000000000,1,101.000000000,0.000000000,550.000000000,1,0,0,0,0.000000000
54,1,20315304,100,0.550000000,0.050000000,503.000000000,100.000000000,0.000000000,550.000000000,1,100.000000000,0.000000000,550.000000000,1,0,0,0,0.000000000
54,2,20324480,100,0.550000000,0.050000000,453.000000000,100.000000000,0.000000000,550.000000000,1,100.000000000,0.000000000,550.000000000,1,0,0,0,0.000000000
54,3,20333656,100,0.550000000,0.050000000,429.000000000,100.000000000,0.000000000,550.000000000,1,100.000000000,0.000000000,550.000000000,1,0,0,0,0.000000000
56,1,20317322,101,0.550000000,0.050000000,483.000000000,101.000000000,0.000000000,550.000000000,1,105.000000000,3.960396040,550.000000000,1,0,0,0,0.000000000
56,2,20326498,101,0.550000000,0.050000000,455.000000000,101.000000000,0.000000000,550.000000000,1,106.000000000,4.950495050,550.000000000,1,0,0,0,0.000000000
56,3,20335674,101,0.550000000,0.050000000,483.000000000,101.000000000,0.000000000,550.000000000,1,105.000000000,3.960396040,550.000000000,1,0,0,0,0.000000000
57,1,20318331,100,0.550000000,0.050000000,447.000000000,100.000000000,0.000000000,550.000000000,1,100.000000000,0.000000000,550.000000000,1,0,0,0,0.000000000
57,2,20327507,100,0.550000000,0.050000000,458.000000000,100.000000000,0.000000000,550.000000000,1,100.000000000,0.000000000,550.000000000,1,0,0,0,0.000000000
57,3,20336683,100,0.550000000,0.050000000,470.000000000,100.000000000,0.000000000,550.000000000,1,100.000000000,0.000000000,550.000000000,1,0,0,0,0.000000000
58,1,20319340,100,0.550000000,0.050000000,473.000000000,100.000000000,0.000000000,550.000000000,1,101.000000000,1.000000000,550.000000000,1,0,0,0,0.000000000
58,2,20328516,100,0.550000000,0.050000000,413.000000000,100.000000000,0.000000000,550.000000000,1,100.000000000,0.000000000,550.000000000,1,0,0,0,0.000000000
58,3,20337692,100,0.550000000,0.050000000,476.000000000,100.000000000,0.000000000,550.000000000,1,101.000000000,1.000000000,550.000000000,1,0,0,0,0.000000000
60,1,20321358,100,0.550000000,0.050000000,437.000000000,100.000000000,0.000000000,550.000000000,1,102.000000000,2.000000000,550.000000000,1,0,0,0,0.000000000
60,2,20330534,100,0.550000000,0.050000000,488.000000000,100.000000000,0.000000000,550.000000000,1,101.000000000,1.000000000,550.000000000,1,0,0,0,0.000000000
60,3,20339710,100,0.550000000,0.050000000,456.000000000,100.000000000,0.000000000,550.000000000,1,100.000000000,0.000000000,550.000000000,1,0,0,0,0.000000000
61,1,20322367,101,0.550000000,0.050000000,1095.000000000,101.000000000,0.000000000,550.000000000,1,112.000000000,10.891089109,550.000000000,1,0,0,0,0.000000000
61,2,20331543,101,0.550000000,0.050000000,1095.000000000,101.000000000,0.000000000,550.000000000,1,112.000000000,10.891089109,550.000000000,1,0,0,0,0.000000000
61,3,20340719,101,0.550000000,0.050000000,1095.000000000,101.000000000,0.000000000,550.000000000,1,112.000000000,10.891089109,550.000000000,1,0,0,0,0.000000000
63,1,20324385,100,0.550000000,0.050000000,481.000000000,100.000000000,0.000000000,550.000000000,1,101.000000000,1.000000000,550.000000000,1,0,0,0,0.000000000
63,2,20333561,100,0.550000000,0.050000000,434.000000000,100.000000000,0.000000000,550.000000000,1,100.000000000,0.000000000,550.000000000,1,0,0,0,0.000000000
63,3,20342737,100,0.550000000,0.050000000,463.000000000,100.000000000,0.000000000,550.000000000,1,101.000000000,1.000000000,550.000000000,1,0,0,0,0.000000000
64,1,20325394,100,0.550000000,0.050000000,471.000000000,100.000000000,0.000000000,550.000000000,1,100.000000000,0.000000000,550.000000000,1,0,0,0,0.000000000
64,2,20334570,100,0.550000000,0.050000000,417.000000000,100.000000000,0.000000000,550.000000000,1,100.000000000,0.000000000,550.000000000,1,0,0,0,0.000000000
64,3,20343746,100,0.550000000,0.050000000,427.000000000,100.000000000,0.000000000,550.000000000,1,100.000000000,0.000000000,550.000000000,1,0,0,0,0.000000000
65,1,20326403,100,0.550000000,0.050000000,420.000000000,100.000000000,0.000000000,550.000000000,1,105.000000000,5.000000000,550.000000000,1,0,0,0,0.000000000
65,2,20335579,100,0.550000000,0.050000000,453.000000000,103.000000000,3.000000000,550.000000000,1,108.000000000,8.000000000,550.000000000,1,0,0,0,0.000000000
65,3,20344755,100,0.550000000,0.050000000,450.000000000,104.000000000,4.000000000,550.000000000,1,106.000000000,6.000000000,550.000000000,1,0,0,0,0.000000000
67,1,20328421,100,0.550000000,0.050000000,440.000000000,100.000000000,0.000000000,550.000000000,1,100.000000000,0.000000000,550.000000000,1,0,0,0,0.000000000
67,2,20337597,100,0.550000000,0.050000000,477.000000000,100.000000000,0.000000000,550.000000000,1,101.000000000,1.000000000,550.000000000,1,0,0,0,0.000000000
67,3,20346773,100,0.550000000,0.050000000,439.000000000,100.000000000,0.000000000,550.000000000,1,100.000000000,0.000000000,550.000000000,1,0,0,0,0.000000000
73,1,20334475,102,0.550000000,0.050000000,480.000000000,106.000000000,3.921568627,550.000000000,1,106.000000000,3.921568627,550.000000000,1,0,0,0,0.000000000
73,2,20343651,102,0.550000000,0.050000000,459.000000000,104.000000000,1.960784314,550.000000000,1,109.000000000,6.862745098,550.000000000,1,0,0,0,0.000000000
73,3,20352827,102,0.550000000,0.050000000,958.000000000,105.000000000,2.941176471,550.000000000,1,112.000000000,9.803921569,550.000000000,1,0,0,0,0.000000000
74,1,20335484,100,0.550000000,0.050000000,421.000000000,100.000000000,0.000000000,550.000000000,1,100.000000000,0.000000000,550.000000000,1,0,0,0,0.000000000
74,2,20344660,100,0.550000000,0.050000000,495.000000000,100.000000000,0.000000000,550.000000000,1,100.000000000,0.000000000,550.000000000,1,0,0,0,0.000000000
74,3,20353836,100,0.550000000,0.050000000,441.000000000,100.000000000,0.000000000,550.000000000,1,100.000000000,0.000000000,550.000000000,1,0,0,0,0.000000000
75,1,20336493,100,0.550000000,0.050000000,458.000000000,100.000000000,0.000000000,550.000000000,1,100.000000000,0.000000000,550.000000000,1,0,0,0,0.000000000
75,2,20345669,100,0.550000000,0.050000000,422.000000000,100.000000000,0.000000000,550.000000000,1,100.000000000,0.000000000,550.000000000,1,0,0,0,0.000000000
75,3,20354845,100,0.550000000,0.050000000,449.000000000,100.000000000,0.000000000,550.000000000,1,100.000000000,0.000000000,550.000000000,1,0,0,0,0.000000000
76,1,20337502,100,0.550000000,0.050000000,427.000000000,102.000000000,2.000000000,550.000000000,1,102.000000000,2.000000000,550.000000000,1,0,0,0,0.000000000
76,2,20346678,100,0.550000000,0.050000000,464.000000000,100.000000000,0.000000000,550.000000000,1,102.000000000,2.000000000,550.000000000,1,0,0,0,0.000000000
76,3,20355854,100,0.550000000,0.050000000,431.000000000,100.000000000,0.000000000,550.000000000,1,103.000000000,3.000000000,550.000000000,1,0,0,0,0.000000000
77,1,20338511,103,0.550000000,0.050000000,1004.000000000,103.000000000,0.000000000,550.000000000,1,112.000000000,8.737864078,550.000000000,1,0,0,0,0.000000000
77,2,20347687,103,0.550000000,0.050000000,455.000000000,103.000000000,0.000000000,550.000000000,1,109.000000000,5.825242718,550.000000000,1,0,0,0,0.000000000
77,3,20356863,103,0.550000000,0.050000000,427.000000000,103.000000000,0.000000000,550.000000000,1,109.000000000,5.825242718,550.000000000,1,0,0,0,0.000000000
81,1,20342547,101,0.550000000,0.050000000,1013.000000000,102.000000000,0.990099010,550.000000000,1,109.000000000,7.920792079,550.000000000,1,0,0,0,0.000000000
81,2,20351723,101,0.550000000,0.050000000,1013.000000000,102.000000000,0.990099010,550.000000000,1,109.000000000,7.920792079,550.000000000,1,0,0,0,0.000000000
81,3,20360899,101,0.550000000,0.050000000,1013.000000000,102.000000000,0.990099010,550.000000000,1,109.000000000,7.920792079,550.000000000,1,0,0,0,0.000000000
82,1,20343556,100,0.550000000,0.050000000,430.000000000,100.000000000,0.000000000,550.000000000,1,100.000000000,0.000000000,550.000000000,1,0,0,0,0.000000000
82,2,20352732,100,0.550000000,0.050000000,471.000000000,100.000000000,0.000000000,550.000000000,1,100.000000000,0.000000000,550.000000000,1,0,0,0,0.000000000
82,3,20361908,100,0.550000000,0.050000000,455.000000000,100.000000000,0.000000000,550.000000000,1,100.000000000,0.000000000,550.000000000,1,0,0,0,0.000000000
84,1,20345574,100,0.550000000,0.050000000,453.000000000,100.000000000,0.000000000,550.000000000,1,100.000000000,0.000000000,550.000000000,1,0,0,0,0.000000000
84,2,20354750,100,0.550000000,0.050000000,496.000000000,100.000000000,0.000000000,550.000000000,1,100.000000000,0.000000000,550.000000000,1,0,0,0,0.000000000
84,3,20363926,100,0.550000000,0.050000000,451.000000000,100.000000000,0.000000000,550.000000000,1,100.000000000,0.000000000,550.000000000,1,0,0,0,0.000000000
85,1,20346583,101,0.550000000,0.050000000,462.000000000,101.000000000,0.000000000,550.000000000,1,101.000000000,0.000000000,550.000000000,1,0,0,0,0.000000000
85,2,20355759,101,0.550000000,0.050000000,441.000000000,101.000000000,0.000000000,550.000000000,1,101.000000000,0.000000000,550.000000000,1,0,0,0,0.000000000
85,3,20364935,101,0.550000000,0.050000000,457.000000000,101.000000000,0.000000000,550.000000000,1,101.000000000,0.000000000,550.000000000,1,0,0,0,0.000000000
86,1,20347592,102,0.550000000,0.050000000,438.000000000,102.000000000,0.000000000,550.000000000,1,102.000000000,0.000000000,550.000000000,1,5478,6,4,0.000710507
86,2,20356768,102,0.550000000,0.050000000,471.000000000,102.000000000,0.000000000,550.000000000,1,102.000000000,0.000000000,550.000000000,1,22,0,0,0.000000000
86,3,20365944,102,0.550000000,0.050000000,426.000000000,102.000000000,0.000000000,550.000000000,1,102.000000000,0.000000000,550.000000000,1,0,0,0,0.000000000
87,1,20348601,101,0.550000000,0.050000000,420.000000000,101.000000000,0.000000000,550.000000000,1,103.000000000,1.980198020,550.000000000,1,0,0,0,0.000000000
87,2,20357777,101,0.550000000,0.050000000,479.000000000,101.000000000,0.000000000,550.000000000,1,101.000000000,0.000000000,550.000000000,1,0,0,0,0.000000000
87,3,20366953,101,0.550000000,0.050000000,468.000000000,101.000000000,0.000000000,550.000000000,1,101.000000000,0.000000000,550.000000000,1,0,0,0,0.000000000
88,1,20349610,101,0.550000000,0.050000000,447.000000000,101.000000000,0.000000000,550.000000000,1,103.000000000,1.980198020,550.000000000,1,0,0,0,0.000000000
88,2,20358786,101,0.550000000,0.050000000,443.000000000,101.000000000,0.000000000,550.000000000,1,102.000000000,0.990099010,550.000000000,1,0,0,0,0.000000000
88,3,20367962,101,0.550000000,0.050000000,452.000000000,102.000000000,0.990099010,550.000000000,1,103.000000000,1.980198020,550.000000000,1,0,0,0,0.000000000
89,1,20350619,101,0.550000000,0.050000000,445.000000000,101.000000000,0.000000000,550.000000000,1,103.000000000,1.980198020,550.000000000,1,0,0,0,0.000000000
89,2,20359795,101,0.550000000,0.050000000,492.000000000,101.000000000,0.000000000,550.000000000,1,101.000000000,0.000000000,550.000000000,1,0,0,0,0.000000000
89,3,20368971,101,0.550000000,0.050000000,477.000000000,101.000000000,0.000000000,550.000000000,1,101.000000000,0.000000000,550.000000000,1,0,0,0,0.000000000
90,1,20351628,100,0.550000000,0.050000000,492.000000000,103.000000000,3.000000000,550.000000000,1,103.000000000,3.000000000,550.000000000,1,0,0,0,0.000000000
90,2,20360804,100,0.550000000,0.050000000,389.000000000,101.000000000,1.000000000,550.000000000,1,103.000000000,3.000000000,550.000000000,1,0,0,0,0.000000000
90,3,20369980,100,0.550000000,0.050000000,495.000000000,101.000000000,1.000000000,550.000000000,1,103.000000000,3.000000000,550.000000000,1,0,0,0,0.000000000
95,1,20356673,100,0.550000000,0.050000000,448.000000000,100.000000000,0.000000000,550.000000000,1,100.000000000,0.000000000,550.000000000,1,0,0,0,0.000000000
95,2,20365849,100,0.550000000,0.050000000,1148.000000000,100.000000000,0.000000000,550.000000000,1,102.000000000,2.000000000,550.000000000,1,0,0,0,0.000000000
95,3,20375025,100,0.550000000,0.050000000,466.000000000,100.000000000,0.000000000,550.000000000,1,102.000000000,2.000000000,550.000000000,1,0,0,0,0.000000000
98,1,20359700,101,0.550000000,0.050000000,1021.000000000,105.000000000,3.960396040,550.000000000,1,110.000000000,8.910891089,550.000000000,1,0,0,0,0.000000000
98,2,20368876,101,0.550000000,0.050000000,1021.000000000,105.000000000,3.960396040,550.000000000,1,110.000000000,8.910891089,550.000000000,1,0,0,0,0.000000000
98,3,20378052,101,0.550000000,0.050000000,465.000000000,103.000000000,1.980198020,550.000000000,1,108.000000000,6.930693069,550.000000000,1,0,0,0,0.000000000
99,1,20360709,100,0.550000000,0.050000000,470.000000000,100.000000000,0.000000000,550.000000000,1,100.000000000,0.000000000,550.000000000,1,0,0,0,0.000000000
99,2,20369885,100,0.550000000,0.050000000,465.000000000,100.000000000,0.000000000,550.000000000,1,101.000000000,1.000000000,550.000000000,1,0,0,0,0.000000000
99,3,20379061,100,0.550000000,0.050000000,434.000000000,100.000000000,0.000000000,550.000000000,1,100.000000000,0.000000000,550.000000000,1,0,0,0,0.000000000
100,1,20361718,101,0.550000000,0.050000000,972.000000000,139.000000000,37.623762376,550.000000000,1,149.000000000,47.524752475,550.000000000,1,0,0,0,0.000000000
100,2,20370894,101,0.550000000,0.050000000,972.000000000,139.000000000,37.623762376,550.000000000,1,149.000000000,47.524752475,550.000000000,1,0,0,0,0.000000000
100,3,20380070,101,0.550000000,0.050000000,972.000000000,139.000000000,37.623762376,550.000000000,1,149.000000000,47.524752475,550.000000000,1,0,0,0,0.000000000
101,1,20362727,100,0.550000000,0.050000000,1040.000000000,111.000000000,11.000000000,550.000000000,1,123.000000000,23.000000000,550.000000000,1,0,0,0,0.000000000
101,2,20371903,100,0.550000000,0.050000000,1040.000000000,111.000000000,11.000000000,550.000000000,1,123.000000000,23.000000000,550.000000000,1,0,0,0,0.000000000
101,3,20381079,100,0.550000000,0.050000000,1040.000000000,111.000000000,11.000000000,550.000000000,1,123.000000000,23.000000000,550.000000000,1,0,0,0,0.000000000
102,1,20363736,100,0.550000000,0.050000000,1012.000000000,101.000000000,1.000000000,550.000000000,1,110.000000000,10.000000000,550.000000000,1,0,0,0,0.000000000
102,2,20372912,100,0.550000000,0.050000000,1012.000000000,101.000000000,1.000000000,550.000000000,1,110.000000000,10.000000000,550.000000000,1,0,0,0,0.000000000
102,3,20382088,100,0.550000000,0.050000000,1012.000000000,101.000000000,1.000000000,550.000000000,1,110.000000000,10.000000000,550.000000000,1,0,0,0,0.000000000
108,1,20369790,100,0.550000000,0.050000000,473.000000000,100.000000000,0.000000000,550.000000000,1,103.000000000,3.000000000,550.000000000,1,0,0,0,0.000000000
108,2,20378966,100,0.550000000,0.050000000,454.000000000,100.000000000,0.000000000,550.000000000,1,104.000000000,4.000000000,550.000000000,1,0,0,0,0.000000000
108,3,20388142,100,0.550000000,0.050000000,436.000000000,100.000000000,0.000000000,550.000000000,1,104.000000000,4.000000000,550.000000000,1,0,0,0,0.000000000
109,1,20370799,101,0.550000000,0.050000000,443.000000000,101.000000000,0.000000000,550.000000000,1,101.000000000,0.000000000,550.000000000,1,0,0,0,0.000000000
109,2,20379975,101,0.550000000,0.050000000,481.000000000,101.000000000,0.000000000,550.000000000,1,101.000000000,0.000000000,550.000000000,1,0,0,0,0.000000000
109,3,20389151,101,0.550000000,0.050000000,443.000000000,101.000000000,0.000000000,550.000000000,1,101.000000000,0.000000000,550.000000000,1,0,0,0,0.000000000
110,1,20371808,100,0.550000000,0.050000000,423.000000000,100.000000000,0.000000000,550.000000000,1,100.000000000,0.000000000,550.000000000,1,0,0,0,0.000000000
110,2,20380984,100,0.550000000,0.050000000,442.000000000,100.000000000,0.000000000,550.000000000,1,100.000000000,0.000000000,550.000000000,1,0,0,0,0.000000000
110,3,20390160,100,0.550000000,0.050000000,454.000000000,100.000000000,0.000000000,550.000000000,1,100.000000000,0.000000000,550.000000000,1,0,0,0,0.000000000
111,1,20372817,100,0.550000000,0.050000000,431.000000000,100.000000000,0.000000000,550.000000000,1,101.000000000,1.000000000,550.000000000,1,0,0,0,0.000000000
111,2,20381993,100,0.550000000,0.050000000,464.000000000,100.000000000,0.000000000,550.000000000,1,100.000000000,0.000000000,550.000000000,1,0,0,0,0.000000000
111,3,20391169,100,0.550000000,0.050000000,452.000000000,100.000000000,0.000000000,550.000000000,1,100.000000000,0.000000000,550.000000000,1,0,0,0,0.000000000
116,1,20377862,101,0.550000000,0.050000000,452.000000000,101.000000000,0.000000000,550.000000000,1,101.000000000,0.000000000,550.000000000,1,0,0,0,0.000000000
116,2,20387038,101,0.550000000,0.050000000,499.000000000,101.000000000,0.000000000,550.000000000,1,101.000000000,0.000000000,550.000000000,1,0,0,0,0.000000000
116,3,20396214,101,0.550000000,0.050000000,456.000000000,101.000000000,0.000000000,550.000000000,1,101.000000000,0.000000000,550.000000000,1,0,0,0,0.000000000
119,1,20380889,100,0.550000000,0.050000000,434.000000000,104.000000000,4.000000000,550.000000000,1,104.000000000,4.000000000,550.000000000,1,0,0,0,0.000000000
119,2,20390065,100,0.550000000,0.050000000,410.000000000,102.000000000,2.000000000,550.000000000,1,103.000000000,3.000000000,550.000000000,1,0,0,0,0.000000000
119,3,20399241,100,0.550000000,0.050000000,438.000000000,102.000000000,2.000000000,550.000000000,1,106.000000000,6.000000000,550.000000000,1,0,0,0,0.000000000
120,1,20381898,101,0.550000000,0.050000000,460.000000000,101.000000000,0.000000000,550.000000000,1,101.000000000,0.000000000,550.000000000,1,0,0,0,0.000000000
120,2,20391074,101,0.550000000,0.050000000,422.000000000,101.000000000,0.000000000,550.000000000,1,101.000000000,0.000000000,550.000000000,1,0,0,0,0.000000000
120,3,20400250,101,0.550000000,0.050000000,433.000000000,101.000000000,0.000000000,550.000000000,1,101.000000000,0.000000000,550.000000000,1,0,0,0,0.000000000
121,1,20382907,100,0.550000000,0.050000000,1145.000000000,100.000000000,0.000000000,550.000000000,1,112.000000000,12.000000000,550.000000000,1,0,0,0,0.000000000
121,2,20392083,100,0.550000000,0.050000000,1145.000000000,100.000000000,0.000000000,550.000000000,1,112.000000000,12.000000000,550.000000000,1,0,0,0,0.000000000
121,3,20401259,100,0.550000000,0.050000000,1145.000000000,100.000000000,0.000000000,550.000000000,1,112.000000000,12.000000000,550.000000000,1,0,0,0,0.000000000
122,1,20383916,100,0.550000000,0.050000000,448.000000000,102.000000000,2.000000000,550.000000000,1,104.000000000,4.000000000,550.000000000,1,0,0,0,0.000000000
122,2,20393092,100,0.550000000,0.050000000,437.000000000,100.000000000,0.000000000,550.000000000,1,104.000000000,4.000000000,550.000000000,1,0,0,0,0.000000000
122,3,20402268,100,0.550000000,0.050000000,449.000000000,100.000000000,0.000000000,550.000000000,1,101.000000000,1.000000000,550.000000000,1,0,0,0,0.000000000
123,1,20384925,100,0.550000000,0.050000000,455.000000000,100.000000000,0.000000000,550.000000000,1,100.000000000,0.000000000,550.000000000,1,0,0,0,0.000000000
123,2,20394101,100,0.550000000,0.050000000,450.000000000,100.000000000,0.000000000,550.000000000,1,100.000000000,0.000000000,550.000000000,1,0,0,0,0.000000000
123,3,20403277,100,0.550000000,0.050000000,419.000000000,100.000000000,0.000000000,550.000000000,1,100.000000000,0.000000000,550.000000000,1,0,0,0,0.000000000
124,1,20385934,102,0.550000000,0.050000000,1046.000000000,109.000000000,6.862745098,550.000000000,1,117.000000000,14.705882353,550.000000000,1,0,0,0,0.000000000
124,2,20395110,102,0.550000000,0.050000000,1046.000000000,109.000000000,6.862745098,550.000000000,1,117.000000000,14.705882353,550.000000000,1,0,0,0,0.000000000
124,3,20404286,102,0.550000000,0.050000000,452.000000000,109.000000000,6.862745098,550.000000000,1,111.000000000,8.823529412,550.000000000,1,0,0,0,0.000000000
125,1,20386943,100,0.550000000,0.050000000,473.000000000,101.000000000,1.000000000,550.000000000,1,101.000000000,1.000000000,550.000000000,1,0,0,0,0.000000000
125,2,20396119,100,0.550000000,0.050000000,421.000000000,102.000000000,2.000000000,550.000000000,1,103.000000000,3.000000000,550.000000000,1,0,0,0,0.000000000
125,3,20405295,100,0.550000000,0.050000000,459.000000000,102.000000000,2.000000000,550.000000000,1,102.000000000,2.000000000,550.000000000,1,0,0,0,0.000000000
127,1,20388961,100,0.550000000,0.050000000,441.000000000,100.000000000,0.000000000,550.000000000,1,105.000000000,5.000000000,550.000000000,1,0,0,0,0.000000000
127,2,20398137,100,0.550000000,0.050000000,1039.000000000,100.000000000,0.000000000,550.000000000,1,106.000000000,6.000000000,550.000000000,1,0,0,0,0.000000000
127,3,20407313,100,0.550000000,0.050000000,1039.000000000,100.000000000,0.000000000,550.000000000,1,106.000000000,6.000000000,550.000000000,1,0,0,0,0.000000000
128,1,20389970,101,0.550000000,0.050000000,1035.000000000,123.000000000,21.782178218,550.000000000,1,143.000000000,41.584158416,550.000000000,1,0,0,0,0.000000000
128,2,20399146,101,0.550000000,0.050000000,1035.000000000,123.000000000,21.782178218,550.000000000,1,143.000000000,41.584158416,550.000000000,1,0,0,0,0.000000000
128,3,20408322,101,0.550000000,0.050000000,1035.000000000,123.000000000,21.782178218,550.000000000,1,143.000000000,41.584158416,550.000000000,1,0,0,0,0.000000000
129,1,20390979,100,0.550000000,0.050000000,1041.000000000,111.000000000,11.000000000,550.000000000,1,125.000000000,25.000000000,550.000000000,1,0,0,0,0.000000000
129,2,20400155,100,0.550000000,0.050000000,1041.000000000,111.000000000,11.000000000,550.000000000,1,125.000000000,25.000000000,550.000000000,1,0,0,0,0.000000000
129,3,20409331,100,0.550000000,0.050000000,1041.000000000,111.000000000,11.000000000,550.000000000,1,125.000000000,25.000000000,550.000000000,1,0,0,0,0.000000000
130,1,20391988,101,0.550000000,0.050000000,424.000000000,101.000000000,0.000000000,550.000000000,1,101.000000000,0.000000000,550.000000000,1,0,0,0,0.000000000
130,2,20401164,101,0.550000000,0.050000000,445.000000000,101.000000000,0.000000000,550.000000000,1,101.000000000,0.000000000,550.000000000,1,0,0,0,0.000000000
130,3,20410340,101,0.550000000,0.050000000,450.000000000,101.000000000,0.000000000,550.000000000,1,101.000000000,0.000000000,550.000000000,1,0,0,0,0.000000000
131,1,20392997,100,0.550000000,0.050000000,442.000000000,100.000000000,0.000000000,550.000000000,1,100.000000000,0.000000000,550.000000000,1,0,0,0,0.000000000
131,2,20402173,100,0.550000000,0.050000000,457.000000000,100.000000000,0.000000000,550.000000000,1,100.000000000,0.000000000,550.000000000,1,0,0,0,0.000000000
131,3,20411349,100,0.550000000,0.050000000,452.000000000,100.000000000,0.000000000,550.000000000,1,100.000000000,0.000000000,550.000000000,1,0,0,0,0.000000000
132,1,20394006,103,0.550000000,0.050000000,491.000000000,103.000000000,0.000000000,550.000000000,1,107.000000000,3.883495146,550.000000000,1,0,0,0,0.000000000
132,2,20403182,103,0.550000000,0.050000000,486.000000000,103.000000000,0.000000000,550.000000000,1,106.000000000,2.912621359,550.000000000,1,0,0,0,0.000000000
132,3,20412358,103,0.550000000,0.050000000,457.000000000,103.000000000,0.000000000,550.000000000,1,106.000000000,2.912621359,550.000000000,1,0,0,0,0.000000000
134,1,20396024,101,0.550000000,0.050000000,1036.000000000,101.000000000,0.000000000,550.000000000,1,108.000000000,6.930693069,550.000000000,1,0,0,0,0.000000000
134,2,20405200,101,0.550000000,0.050000000,432.000000000,101.000000000,0.000000000,550.000000000,1,105.000000000,3.960396040,550.000000000,1,0,0,0,0.000000000
134,3,20414376,101,0.550000000,0.050000000,508.000000000,101.000000000,0.000000000,550.000000000,1,106.000000000,4.950495050,550.000000000,1,0,0,0,0.000000000
135,1,20397033,100,0.550000000,0.050000000,425.000000000,100.000000000,0.000000000,550.000000000,1,100.000000000,0.000000000,550.000000000,1,0,0,0,0.000000000
135,2,20406209,100,0.550000000,0.050000000,466.000000000,100.000000000,0.000000000,550.000000000,1,101.000000000,1.000000000,550.000000000,1,0,0,0,0.000000000
135,3,20415385,100,0.550000000,0.050000000,494.000000000,100.000000000,0.000000000,550.000000000,1,101.000000000,1.000000000,550.000000000,1,0,0,0,0.000000000
137,1,20399051,101,0.550000000,0.050000000,411.000000000,101.000000000,0.000000000,550.000000000,1,103.000000000,1.980198020,550.000000000,1,0,0,0,0.000000000
137,2,20408227,101,0.550000000,0.050000000,435.000000000,101.000000000,0.000000000,550.000000000,1,102.000000000,0.990099010,550.000000000,1,0,0,0,0.000000000
137,3,20417403,101,0.550000000,0.050000000,436.000000000,103.000000000,1.980198020,550.000000000,1,106.000000000,4.950495050,550.000000000,1,0,0,0,0.000000000
138,1,20400060,100,0.550000000,0.050000000,442.000000000,100.000000000,0.000000000,550.000000000,1,101.000000000,1.000000000,550.000000000,1,0,0,0,0.000000000
138,2,20409236,100,0.550000000,0.050000000,421.000000000,100.000000000,0.000000000,550.000000000,1,101.000000000,1.000000000,550.000000000,1,0,0,0,0.000000000
138,3,20418412,100,0.550000000,0.050000000,422.000000000,100.000000000,0.000000000,550.000000000,1,100.000000000,0.000000000,550.000000000,1,0,0,0,0.000000000
141,1,20403087,101,0.550000000,0.050000000,471.000000000,101.000000000,0.000000000,550.000000000,1,101.000000000,0.000000000,550.000000000,1,0,0,0,0.000000000
141,2,20412263,101,0.550000000,0.050000000,469.000000000,101.000000000,0.000000000,550.000000000,1,101.000000000,0.000000000,550.000000000,1,0,0,0,0.000000000
141,3,20421439,101,0.550000000,0.050000000,460.000000000,101.000000000,0.000000000,550.000000000,1,101.000000000,0.000000000,550.000000000,1,0,0,0,0.000000000
142,1,20404096,100,0.550000000,0.050000000,470.000000000,100.000000000,0.000000000,550.000000000,1,102.000000000,2.000000000,550.000000000,1,0,0,0,0.000000000
142,2,20413272,100,0.550000000,0.050000000,441.000000000,100.000000000,0.000000000,550.000000000,1,100.000000000,0.000000000,550.000000000,1,0,0,0,0.000000000
142,3,20422448,100,0.550000000,0.050000000,445.000000000,100.000000000,0.000000000,550.000000000,1,101.000000000,1.000000000,550.000000000,1,0,0,0,0.000000000
143,1,20405105,100,0.550000000,0.050000000,491.000000000,103.000000000,3.000000000,550.000000000,1,104.000000000,4.000000000,550.000000000,1,0,0,0,0.000000000
143,2,20414281,100,0.550000000,0.050000000,437.000000000,101.000000000,1.000000000,550.000000000,1,104.000000000,4.000000000,550.000000000,1,0,0,0,0.000000000
143,3,20423457,100,0.550000000,0.050000000,420.000000000,102.000000000,2.000000000,550.000000000,1,105.000000000,5.000000000,550.000000000,1,0,0,0,0.000000000
144,1,20406114,101,0.550000000,0.050000000,446.000000000,101.000000000,0.000000000,550.000000000,1,101.000000000,0.000000000,550.000000000,1,0,0,0,0.000000000
144,2,20415290,101,0.550000000,0.050000000,466.000000000,101.000000000,0.000000000,550.000000000,1,101.000000000,0.000000000,550.000000000,1,0,0,0,0.000000000
144,3,20424466,101,0.550000000,0.050000000,446.000000000,101.000000000,0.000000000,550.000000000,1,101.000000000,0.000000000,550.000000000,1,0,0,0,0.000000000
145,1,20407123,101,0.550000000,0.050000000,465.000000000,101.000000000,0.000000000,550.000000000,1,101.000000000,0.000000000,550.000000000,1,0,0,0,0.000000000
145,2,20416299,101,0.550000000,0.050000000,459.000000000,101.000000000,0.000000000,550.000000000,1,101.000000000,0.000000000,550.000000000,1,0,0,0,0.000000000
145,3,20425475,101,0.550000000,0.050000000,423.000000000,101.000000000,0.000000000,550.000000000,1,101.000000000,0.000000000,550.000000000,1,0,0,0,0.000000000
146,1,20408132,100,0.550000000,0.050000000,981.000000000,102.000000000,2.000000000,550.000000000,1,110.000000000,10.000000000,550.000000000,1,0,0,0,0.000000000
146,2,20417308,100,0.550000000,0.050000000,981.000000000,102.000000000,2.000000000,550.000000000,1,110.000000000,10.000000000,550.000000000,1,0,0,0,0.000000000
146,3,20426484,100,0.550000000,0.050000000,981.000000000,102.000000000,2.000000000,550.000000000,1,110.000000000,10.000000000,550.000000000,1,0,0,0,0.000000000
147,1,20409141,100,0.550000000,0.050000000,1083.000000000,115.000000000,15.000000000,550.000000000,1,142.000000000,42.000000000,550.000000000,1,0,0,0,0.000000000
147,2,20418317,100,0.550000000,0.050000000,1083.000000000,115.000000000,15.000000000,550.000000000,1,142.000000000,42.000000000,550.000000000,1,0,0,0,0.000000000
147,3,20427493,100,0.550000000,0.050000000,1083.000000000,115.000000000,15.000000000,550.000000000,1,142.000000000,42.000000000,550.000000000,1,0,0,0,0.000000000
148,1,20410150,101,0.550000000,0.050000000,458.000000000,101.000000000,0.000000000,550.000000000,1,101.000000000,0.000000000,550.000000000,1,0,0,0,0.000000000
148,2,20419326,101,0.550000000,0.050000000,429.000000000,101.000000000,0.000000000,550.000000000,1,101.000000000,0.000000000,550.000000000,1,0,0,0,0.000000000
148,3,20428502,101,0.550000000,0.050000000,450.000000000,101.000000000,0.000000000,550.000000000,1,101.000000000,0.000000000,550.000000000,1,0,0,0,0.000000000
149,1,20411159,100,0.550000000,0.050000000,484.000000000,100.000000000,0.000000000,550.000000000,1,100.000000000,0.000000000,550.000000000,1,0,0,0,0.000000000
149,2,20420335,100,0.550000000,0.050000000,459.000000000,100.000000000,0.000000000,550.000000000,1,100.000000000,0.000000000,550.000000000,1,0,0,0,0.000000000
149,3,20429511,100,0.550000000,0.050000000,437.000000000,100.000000000,0.000000000,550.000000000,1,100.000000000,0.000000000,550.000000000,1,0,0,0,0.000000000
150,1,20412168,100,0.550000000,0.050000000,433.000000000,102.000000000,2.000000000,550.000000000,1,102.000000000,2.000000000,550.000000000,1,0,0,0,0.000000000
150,2,20421344,100,0.550000000,0.050000000,457.000000000,105.000000000,5.000000000,550.000000000,1,106.000000000,6.000000000,550.000000000,1,0,0,0,0.000000000
150,3,20430520,100,0.550000000,0.050000000,439.000000000,104.000000000,4.000000000,550.000000000,1,104.000000000,4.000000000,550.000000000,1,0,0,0,0.000000000
