instance,repetition,seed,optimum,budget_seconds,probability_beta,soft_tail_fraction,proximity_fraction,initial_cost,strict_cost,strict_gap_pct,strict_time_ms,strict_feasible,strict_candidates,strict_rounds,soft_cost,soft_gap_pct,soft_time_ms,soft_feasible,soft_candidates,soft_rounds,soft_evaluated_infeasible,soft_accepted_infeasible,soft_recoveries,soft_max_accepted_excess,soft_probability_drift,conditional_cost,conditional_gap_pct,conditional_time_ms,conditional_feasible,conditional_candidates,conditional_rounds,conditional_evaluated_infeasible,conditional_accepted_infeasible,conditional_recoveries,conditional_max_accepted_excess,conditional_probability_drift
143,1,20405105,100,0.550000000,0.050000000,0.200000000,0.250000000,491.000000000,103.000000000,3.000000000,550.000000000,1,276025204,5382,100.000000000,0.000000000,550.000000000,1,278277304,5431,18561,6,4,0.006847656,0.000000000,103.000000000,3.000000000,550.000000000,1,282192796,5527,255,0,0,0.000000000,0.000000000
143,2,20414281,100,0.550000000,0.050000000,0.200000000,0.250000000,437.000000000,101.000000000,1.000000000,550.000000000,1,278786884,5311,101.000000000,1.000000000,550.000000000,1,274661400,5112,11367,5,3,0.006001816,0.000000000,101.000000000,1.000000000,550.000000000,1,277715374,5281,38,0,0,0.000000000,0.000000000
143,3,20423457,100,0.550000000,0.050000000,0.200000000,0.250000000,420.000000000,102.000000000,2.000000000,550.000000000,1,271757030,5098,100.000000000,0.000000000,550.000000000,1,275533732,5173,88281,56,14,0.017125502,0.000000000,102.000000000,2.000000000,550.000000000,1,271056838,5084,37,0,0,0.000000000,0.000000000
143,4,20432633,100,0.550000000,0.050000000,0.200000000,0.250000000,502.000000000,100.000000000,0.000000000,550.000000000,1,281265336,5390,101.000000000,1.000000000,550.000000000,1,266171542,5000,2270,3,2,0.003111122,0.000000000,100.000000000,0.000000000,550.000000000,1,273954066,5264,97,0,0,0.000000000,0.000000000
143,5,20441809,100,0.550000000,0.050000000,0.200000000,0.250000000,416.000000000,102.000000000,2.000000000,550.000000000,1,267152866,4957,102.000000000,2.000000000,550.000000000,1,271179996,5089,18922,9,5,0.010224274,0.000000000,102.000000000,2.000000000,550.000000000,1,266437902,4934,128,0,0,0.000000000,0.000000000
143,6,20450985,100,0.550000000,0.050000000,0.200000000,0.250000000,453.000000000,101.000000000,1.000000000,550.000000000,1,278628066,5368,101.000000000,1.000000000,550.000000000,1,277133424,5330,0,0,0,0.000000000,0.000000000,101.000000000,1.000000000,550.000000000,1,274361658,5256,0,0,0,0.000000000,0.000000000
143,7,20460161,100,0.550000000,0.050000000,0.200000000,0.250000000,429.000000000,101.000000000,1.000000000,550.000000000,1,278034162,5386,101.000000000,1.000000000,550.000000000,1,277615510,5375,2,0,0,0.000000000,0.000000000,101.000000000,1.000000000,550.000000000,1,277943950,5384,3,0,0,0.000000000,0.000000000
143,8,20469337,100,0.550000000,0.050000000,0.200000000,0.250000000,455.000000000,101.000000000,1.000000000,550.000000000,1,277542962,5536,101.000000000,1.000000000,550.000000000,1,274643942,5444,1451,1,1,0.000281337,0.000000000,101.000000000,1.000000000,550.000000000,1,274782946,5449,7,0,0,0.000000000,0.000000000
143,9,20478513,100,0.550000000,0.050000000,0.200000000,0.250000000,459.000000000,100.000000000,0.000000000,550.000000000,1,280457956,5436,100.000000000,0.000000000,550.000000000,1,279256964,5477,2561,1,1,0.003579201,0.000000000,100.000000000,0.000000000,550.000000000,1,283628354,5527,90,0,0,0.000000000,0.000000000
143,10,20487689,100,0.550000000,0.050000000,0.200000000,0.250000000,465.000000000,101.000000000,1.000000000,550.000000000,1,275663946,5517,101.000000000,1.000000000,550.000000000,1,280412134,5467,4698,4,2,0.002401302,0.000000000,101.000000000,1.000000000,550.000000000,1,284613518,5750,21,0,0,0.000000000,0.000000000
143,11,20496865,100,0.550000000,0.050000000,0.200000000,0.250000000,496.000000000,101.000000000,1.000000000,550.000000000,1,281907440,5548,101.000000000,1.000000000,550.000000000,1,280193182,5503,0,0,0,0.000000000,0.000000000,101.000000000,1.000000000,550.000000000,1,280540720,5511,0,0,0,0.000000000,0.000000000
143,12,20506041,100,0.550000000,0.050000000,0.200000000,0.250000000,462.000000000,101.000000000,1.000000000,550.000000000,1,280862732,5714,101.000000000,1.000000000,550.000000000,1,282339952,5717,0,0,0,0.000000000,0.000000000,101.000000000,1.000000000,550.000000000,1,279098530,5657,0,0,0,0.000000000,0.000000000
143,13,20515217,100,0.550000000,0.050000000,0.200000000,0.250000000,433.000000000,102.000000000,2.000000000,550.000000000,1,274991248,5262,100.000000000,0.000000000,550.000000000,1,278176340,5419,875,1,1,0.000535432,0.000000000,102.000000000,2.000000000,550.000000000,1,271434404,5170,12,0,0,0.000000000,0.000000000
143,14,20524393,100,0.550000000,0.050000000,0.200000000,0.250000000,478.000000000,101.000000000,1.000000000,550.000000000,1,284290762,5709,101.000000000,1.000000000,550.000000000,1,285914808,5755,0,0,0,0.000000000,0.000000000,101.000000000,1.000000000,550.000000000,1,283886370,5698,0,0,0,0.000000000,0.000000000
143,15,20533569,100,0.550000000,0.050000000,0.200000000,0.250000000,454.000000000,103.000000000,3.000000000,550.000000000,1,282340116,5731,103.000000000,3.000000000,550.000000000,1,285141350,5770,3881,2,1,0.001769244,0.000000000,103.000000000,3.000000000,550.000000000,1,281280308,5723,37,0,0,0.000000000,0.000000000
143,16,20542745,100,0.550000000,0.050000000,0.200000000,0.250000000,472.000000000,101.000000000,1.000000000,550.000000000,1,276574822,5400,101.000000000,1.000000000,550.000000000,1,280802676,5573,12287,12,5,0.013709723,0.000000000,101.000000000,1.000000000,550.000000000,1,275263446,5363,39,0,0,0.000000000,0.000000000
143,17,20551921,100,0.550000000,0.050000000,0.200000000,0.250000000,481.000000000,102.000000000,2.000000000,550.000000000,1,278617288,5483,102.000000000,2.000000000,550.000000000,1,280682692,5524,0,0,0,0.000000000,0.000000000,102.000000000,2.000000000,550.000000000,1,277029646,5436,0,0,0,0.000000000,0.000000000
143,18,20561097,100,0.550000000,0.050000000,0.200000000,0.250000000,410.000000000,102.000000000,2.000000000,550.000000000,1,274686208,5113,101.000000000,1.000000000,550.000000000,1,269330522,5029,3259,5,5,0.004468645,0.000000000,102.000000000,2.000000000,550.000000000,1,274350804,5104,44,0,0,0.000000000,0.000000000
143,19,20570273,100,0.550000000,0.050000000,0.200000000,0.250000000,428.000000000,102.000000000,2.000000000,550.000000000,1,271362314,5038,102.000000000,2.000000000,550.000000000,1,270773556,5020,0,0,0,0.000000000,0.000000000,102.000000000,2.000000000,550.000000000,1,274624128,5127,0,0,0,0.000000000,0.000000000
143,20,20579449,100,0.550000000,0.050000000,0.200000000,0.250000000,425.000000000,100.000000000,0.000000000,550.000000000,1,276158192,5288,100.000000000,0.000000000,550.000000000,1,278424332,5316,5345,3,3,0.003627931,0.000000000,100.000000000,0.000000000,550.000000000,1,276650646,5304,65,0,0,0.000000000,0.000000000
