tag,instance,strategy,seed,alpha,kick,stagnation_rounds,budget_s,cost,optimum,feasible,time_to_best_s,elapsed_s,restarts,oscillations
RESULT,100,alpha,1,0.50,3,3000,120.00,102.00,101,1,14.57,120.00,0,0
RESULT,100,alpha,1,1.00,3,3000,120.00,102.00,101,1,26.29,120.00,0,0
RESULT,100,alpha,1,0.70,3,3000,120.00,103.00,101,1,8.30,120.00,0,0
RESULT,100,alpha,1,1.50,3,3000,120.00,103.00,101,1,17.94,120.00,0,0
RESULT,100,alpha,1,3.00,3,3000,120.00,105.00,101,1,6.84,120.00,0,0
RESULT,100,alpha,1,2.00,3,3000,120.00,102.00,101,1,17.23,120.00,0,0
RESULT,100,alpha,1,0.20,3,3000,120.00,103.00,101,1,3.15,120.00,0,0
RESULT,100,alpha,1,0.15,3,3000,120.00,103.00,101,1,5.99,120.00,0,0
RESULT,100,restart,1,0.30,3,30000,120.00,105.00,101,1,1.60,120.00,13,0
RESULT,100,restart,2,0.30,3,30000,120.00,105.00,101,1,1.59,120.00,13,0
RESULT,100,restart,1,1.00,3,30000,120.00,102.00,101,1,35.16,120.00,13,0
RESULT,100,restart,2,1.00,3,30000,120.00,102.00,101,1,44.09,120.00,12,0
